approxkl,clipfrac,eplenmean,eprewmean,explained_variance,fps,nupdates,policy_entropy,policy_loss,serial_timesteps,time_elapsed,total_timesteps,value_loss
0.00024287,0.0,20.44,20.44,-0.0027599334716796875,4009,1,0.6929241,-0.0030594594,2048,2.043118715286255,8192,41.98176
0.00031509728,0.0,20.54,20.54,0.0010717511177062988,4155,2,0.69124657,-0.0039568422,4096,4.041073799133301,16384,42.625526
0.00030138978,0.0,23.87,23.87,0.002451956272125244,4251,3,0.6880952,-0.0038146162,6144,5.968493938446045,24576,49.949135
0.00031073828,0.0,26.64,26.64,0.00014513731002807617,4266,4,0.6831947,-0.0037632524,8192,7.8890700340271,32768,50.03767
0.0002736317,0.0,27.19,27.19,0.0030786991119384766,4297,5,0.67793924,-0.003051789,10240,9.79589295387268,40960,53.171974
0.00048857264,3.0517578e-05,28.8,28.8,0.007054507732391357,4331,6,0.6692326,-0.004534726,12288,11.687542915344238,49152,53.736618
0.0004943691,3.0517578e-05,35.96,35.96,0.0040926337242126465,4395,7,0.6595373,-0.0038703457,14336,13.551841020584106,57344,60.11148
0.00035025476,0.0,36.64,36.64,0.005902886390686035,4426,8,0.650947,-0.0029996918,16384,15.403064727783203,65536,62.396885
0.00046423005,0.00021362305,39.12,39.12,0.006722509860992432,4462,9,0.6411737,-0.0029450788,18432,17.239372968673706,73728,65.4234
0.000641374,0.0010375977,45.62,45.62,0.008703172206878662,4523,10,0.6295473,-0.0042223823,20480,19.050880908966064,81920,68.086876
0.0006986037,0.0010986328,52.28,52.28,0.013483524322509766,4549,11,0.6137692,-0.00328029,22528,20.852139949798584,90112,71.67633
0.00045066007,0.00039672852,55.54,55.54,0.01767975091934204,4550,12,0.60725296,-0.0026955837,24576,22.65267300605774,98304,74.14752
0.0005373076,0.00076293945,59.47,59.47,0.009363412857055664,4585,13,0.5893638,-0.0026807776,26624,24.439521074295044,106496,77.626915
0.00041506253,0.0002746582,69.88,69.88,0.02214813232421875,4619,14,0.5838832,-0.0024656178,28672,26.21340584754944,114688,80.24995
0.00061082514,0.0005493164,74.64,74.64,0.019816935062408447,4604,15,0.58710915,-0.0006310039,30720,27.992957830429077,122880,81.229095
0.00013191873,0.0,82.25,82.25,0.01366502046585083,4659,16,0.5803493,-0.00036625107,32768,29.75160813331604,131072,84.792755
0.0006720406,0.001739502,82.03,82.03,0.02275460958480835,4654,17,0.56689125,-0.00023219537,34816,31.51204204559326,139264,83.92502
8.795201e-05,0.0,78.67,78.67,0.027949154376983643,4652,18,0.5668459,-0.00011723745,36864,33.2731568813324,147456,80.16323
2.724687e-05,0.0,82.33,82.33,0.017533600330352783,4635,19,0.5592114,-0.00014453218,38912,35.04071402549744,155648,81.42822
2.9601459e-05,0.0,85.53,85.53,0.024703800678253174,4636,20,0.560748,-3.9771294e-05,40960,36.807965993881226,163840,82.513435
0.0002834282,0.0,81.65,81.65,0.022059500217437744,4309,21,0.54801357,-0.00016117576,43008,38.70930099487305,172032,79.167435
2.861605e-05,0.0,84.96,84.96,0.02867680788040161,4366,22,0.5475643,-9.648726e-05,45056,40.58590793609619,180224,79.307556
0.00024612652,0.0,86.92,86.92,0.03129392862319946,4255,23,0.55333567,-0.0007485569,47104,42.51163911819458,188416,79.78246
8.7470646e-05,0.0,85.52,85.52,0.03127557039260864,4627,24,0.5507655,-0.00013425696,49152,44.28227400779724,196608,77.44057
2.8868288e-05,0.0,87.59,87.59,0.03012186288833618,4532,25,0.5503969,5.0078714e-05,51200,46.09016799926758,204800,77.79395
2.3296663e-05,0.0,88.38,88.38,0.030305802822113037,4306,26,0.5505703,-4.6692818e-05,53248,47.99313306808472,212992,77.90264
2.3426182e-05,0.0,85.13,85.13,0.0338248610496521,4270,27,0.54269874,-0.00014119163,55296,49.912102937698364,221184,75.171585
4.4778142e-05,0.0,81.85,81.85,0.03708904981613159,4543,28,0.5401634,-0.0002520844,57344,51.7156138420105,229376,73.13135
0.00011631192,0.0,87.76,87.76,0.03814738988876343,4343,29,0.531439,-0.00012772983,59392,53.602374792099,237568,75.25179
2.9917992e-05,0.0,87.44,87.44,0.039337098598480225,4309,30,0.5348657,2.7923554e-05,61440,55.50357699394226,245760,74.3856
0.00012328573,0.0,90.32,90.32,0.03682488203048706,3901,31,0.5324637,-9.304893e-05,63488,57.60405707359314,253952,73.5866
1.8310508e-05,0.0,87.12,87.12,0.04496818780899048,4157,32,0.5317511,-0.00012130366,65536,59.574870109558105,262144,73.201195
2.6858797e-05,0.0,92.95,92.95,0.05064857006072998,4592,33,0.534622,-2.1793821e-05,67584,61.3590190410614,270336,73.57413
1.7598086e-05,0.0,96.49,96.49,0.044479310512542725,4730,34,0.5339082,-7.0346476e-05,69632,63.0911819934845,278528,75.677925
1.6423808e-05,0.0,86.87,86.87,0.06483596563339233,4665,35,0.53117275,-7.343282e-05,71680,64.84764385223389,286720,69.2599
2.9187839e-05,0.0,91.32,91.32,0.0591655969619751,4724,36,0.529046,-0.00021750698,73728,66.58218598365784,294912,71.464386
2.8902123e-05,0.0,88.82,88.82,0.056977808475494385,4723,37,0.52500623,-6.990964e-05,75776,68.31696009635925,303104,69.17247
1.1317332e-05,0.0,96.27,96.27,0.05824446678161621,4707,38,0.52348727,-1.3259705e-05,77824,70.057687997818,311296,72.16051
2.27144e-05,0.0,96.9,96.9,0.058291852474212646,4708,39,0.5246515,-8.853246e-05,79872,71.79806685447693,319488,71.371864
4.552394e-05,0.0,87.47,87.47,0.06777197122573853,4685,40,0.52435315,0.00022728712,81920,73.5470359325409,327680,66.82642
2.4547496e-06,0.0,88.4,88.4,0.05996084213256836,4705,41,0.52462596,2.5995767e-05,83968,75.28848481178284,335872,68.2531
1.8627677e-05,0.0,89.62,89.62,0.07201385498046875,4696,42,0.5231222,2.5019835e-06,86016,77.03330302238464,344064,65.613754
4.166632e-06,0.0,85.77,85.77,0.08430242538452148,4691,43,0.52176464,-4.7960522e-05,88064,78.78006196022034,352256,64.6266
1.7757025e-05,0.0,94.56,94.56,0.06991654634475708,4705,44,0.51955694,-4.72806e-05,90112,80.52144312858582,360448,67.74934
2.9352472e-05,0.0,90.13,90.13,0.07586246728897095,4719,45,0.5210092,-0.00014546607,92160,82.25773596763611,368640,65.470146
2.3077788e-05,0.0,98.22,98.22,0.0582236647605896,4667,46,0.5190126,-2.3733606e-05,94208,84.01333594322205,376832,68.56259
6.2430813e-06,0.0,96.96,96.96,0.044675588607788086,4716,47,0.5212539,-1.4537509e-06,96256,85.75081706047058,385024,65.9304
1.8748226e-06,0.0,86.8,86.8,0.05026906728744507,4640,48,0.51475394,3.831568e-05,98304,87.51645588874817,393216,63.583344
4.53322e-06,0.0,89.61,89.61,0.056172966957092285,4698,49,0.51803833,3.752805e-05,100352,89.26058912277222,401408,63.49431
5.143142e-06,0.0,93.27,93.27,0.060650408267974854,4706,50,0.5187026,1.755714e-05,102400,91.00181293487549,409600,64.69261
7.130286e-06,0.0,93.17,93.17,0.06878358125686646,4701,51,0.51817024,-5.303946e-05,104448,92.74473905563354,417792,63.733894
1.2884517e-05,0.0,93.45,93.45,0.058005332946777344,4703,52,0.5184179,6.6846114e-06,106496,94.48692202568054,425984,64.60315
2.305307e-06,0.0,88.66,88.66,0.0796404480934143,4689,53,0.5161773,-4.527523e-06,108544,96.2341079711914,434176,61.35198
3.0158549e-06,0.0,93.81,93.81,0.0676199197769165,4703,54,0.5196396,-2.2994922e-05,110592,97.97636985778809,442368,63.155422
6.0293214e-06,0.0,87.8,87.8,0.07517218589782715,4693,55,0.51647514,-7.715149e-05,112640,99.72207474708557,450560,60.232918
9.823937e-06,0.0,91.43,91.43,0.07256287336349487,4724,56,0.5177469,-3.7715658e-05,114688,101.4563319683075,458752,61.466087
2.1479798e-05,0.0,93.01,93.01,0.09899741411209106,4741,57,0.5147262,-0.000100678546,116736,103.18454504013062,466944,61.33802
2.3934972e-05,0.0,92.15,92.15,0.0848962664604187,4696,58,0.516798,-5.8235455e-05,118784,104.92913794517517,475136,60.400257
1.2592571e-05,0.0,90.45,90.45,0.09186661243438721,4712,59,0.51687306,-6.644527e-05,120832,106.66798377037048,483328,59.999813
8.3069735e-06,0.0,81.52,81.52,0.1076461672782898,4684,60,0.51444906,-4.3726366e-05,122880,108.41738390922546,491520,55.692776
1.8456307e-05,0.0,89.1,89.1,0.10522240400314331,4724,61,0.51366824,-0.0001322358,124928,110.15178394317627,499712,58.570034
3.8730126e-05,0.0,92.59,92.59,0.11367714405059814,4716,62,0.51419526,-3.3939894e-05,126976,111.88932299613953,507904,59.74713
7.895625e-06,0.0,91.11,91.11,0.12615227699279785,4711,63,0.5095315,9.677235e-06,129024,113.62840700149536,516096,58.2883
2.4444946e-06,0.0,91.39,91.39,0.11375492811203003,4699,64,0.50923574,2.544219e-05,131072,115.37214374542236,524288,57.621387
2.263153e-06,0.0,88.93,88.93,0.10793983936309814,4668,65,0.5121194,3.1933167e-05,133120,117.12743973731995,532480,56.940033
8.716381e-06,0.0,88.5,88.5,0.11790645122528076,4697,66,0.5148953,-1.8634775e-05,135168,118.8716790676117,540672,56.326576
2.5231134e-06,0.0,89.9,89.9,0.14317232370376587,4693,67,0.50859785,-2.9175819e-05,137216,120.61742210388184,548864,56.977066
6.526824e-06,0.0,91.71,91.71,0.12930995225906372,4691,68,0.5079499,-4.846754e-05,139264,122.36417412757874,557056,57.224445
7.5439384e-06,0.0,93.17,93.17,0.15128785371780396,4700,69,0.50514793,-2.0989406e-05,141312,124.10745906829834,565248,56.153915
3.0885362e-06,0.0,89.76,89.76,0.142397940158844,4700,70,0.5065461,-7.4046693e-07,143360,125.8507649898529,573440,56.11686
1.2328178e-06,0.0,91.13,91.13,0.14796143770217896,4725,71,0.506649,6.871429e-06,145408,127.58484411239624,581632,55.762177
3.2478708e-06,0.0,87.23,87.23,0.18067282438278198,4694,72,0.5064794,-4.348393e-05,147456,129.33024096488953,589824,53.774345
1.8011717e-05,0.0,92.47,92.47,0.15660417079925537,4738,73,0.5088625,4.1861553e-05,149504,131.059415102005,598016,56.222588
2.9546248e-07,0.0,89.81,89.81,0.15725725889205933,4709,74,0.5066933,3.0918454e-06,151552,132.79952383041382,606208,54.365776
2.428757e-06,0.0,94.34,94.34,0.19731295108795166,4714,75,0.5068693,-1.5811267e-05,153600,134.53755497932434,614400,54.071983
3.5579724e-06,0.0,90.34,90.34,0.1820218563079834,4717,76,0.50725824,-2.926463e-07,155648,136.27454376220703,622592,53.973896
8.836545e-06,0.0,92.05,92.05,0.20183640718460083,4721,77,0.50655925,3.2254873e-05,157696,138.00998997688293,630784,54.20871
5.257451e-06,0.0,90.71,90.71,0.22673004865646362,4694,78,0.50755435,-7.3122035e-05,159744,139.75562191009521,638976,52.320515
6.759139e-05,0.0,93.32,93.32,0.2396424412727356,4724,79,0.5074434,-0.0001995583,161792,141.4901580810547,647168,52.807693
5.6354555e-05,0.0,88.89,88.89,0.22485381364822388,4706,80,0.50794876,-0.00022156,163840,143.23132276535034,655360,51.62549
5.622907e-05,0.0,89.53,89.53,0.2470737099647522,4704,81,0.5044905,-0.00016148758,165888,144.9729359149933,663552,50.83567
1.4318582e-05,0.0,86.51,86.51,0.2765386700630188,4611,82,0.50437987,-8.731011e-05,167936,146.74976992607117,671744,48.956657
3.521417e-05,0.0,88.73,88.73,0.29536229372024536,4707,83,0.5016386,-0.00012403302,169984,148.49030876159668,679936,49.274944
7.164328e-06,0.0,87.59,87.59,0.32191330194473267,4689,84,0.50077856,9.342993e-05,172032,150.23764610290527,688128,48.343697
9.085235e-06,0.0,80.96,80.96,0.32891714572906494,4696,85,0.49992567,-3.5693738e-05,174080,151.98257088661194,696320,44.861183
1.3679091e-05,0.0,87.64,87.64,0.3642888069152832,4736,86,0.4991339,-9.497819e-05,176128,153.71265697479248,704512,46.363285
9.419762e-06,0.0,90.41,90.41,0.3760285973548889,4612,87,0.49860913,-2.5036075e-05,178176,155.48911786079407,712704,45.970325
3.7006528e-05,0.0,92.74,92.74,0.40542304515838623,4723,88,0.49732453,4.8447895e-05,180224,157.22398686408997,720896,45.308544
1.12029375e-05,0.0,90.79,90.79,0.42642664909362793,4705,89,0.49491775,-7.736939e-05,182272,158.9653308391571,729088,43.928627
9.147737e-05,0.0,92.14,92.14,0.42535513639450073,4720,90,0.49523044,-0.00018862737,184320,160.7012538909912,737280,44.313858
3.602779e-05,0.0,87.24,87.24,0.4811975359916687,4706,91,0.4915226,-8.004552e-05,186368,162.44244408607483,745472,41.045578
2.6309343e-05,0.0,91.43,91.43,0.4771742820739746,4714,92,0.4919137,-0.00012456716,188416,164.18051886558533,753664,42.402805
5.749298e-05,0.0,89.94,89.94,0.5235477387905121,4705,93,0.49057227,-0.00030221092,190464,165.92199397087097,761856,39.49592
7.253392e-05,0.0,86.62,86.62,0.5109591484069824,4717,94,0.49317217,-0.00013838393,192512,167.65897798538208,770048,39.778114
2.0399848e-05,0.0,88.78,88.78,0.5536590814590454,4712,95,0.48967287,6.874022e-05,194560,169.3977029323578,778240,38.475307
1.9887289e-06,0.0,88.92,88.92,0.6032635867595673,4708,96,0.49097556,1.7477287e-05,196608,171.13814783096313,786432,35.908558
1.5620539e-05,0.0,87.64,87.64,0.6198464334011078,4729,97,0.49107507,6.461516e-05,198656,172.8706669807434,794624,35.29678
8.135842e-06,0.0,87.94,87.94,0.6143043637275696,4704,98,0.4951429,-1.3865385e-05,200704,174.6123309135437,802816,35.015236
6.2155195e-06,0.0,89.62,89.62,0.633087158203125,4684,99,0.48896503,-3.6287543e-05,202752,176.36145687103271,811008,34.342384
3.0223478e-06,0.0,90.22,90.22,0.6331546306610107,4712,100,0.49488893,-7.3644915e-06,204800,178.10581302642822,819200,34.64602
9.541582e-06,0.0,98.87,98.87,0.6448338031768799,4722,101,0.49510324,-3.8428465e-05,206848,179.84765601158142,827392,36.996864
9.046669e-06,0.0,89.98,89.98,0.6582823991775513,4687,102,0.4931653,3.4523691e-06,208896,181.5959050655365,835584,32.917526
4.3106975e-06,0.0,94.14,94.14,0.6731247007846832,4593,103,0.4923606,-3.3343604e-05,210944,183.3797047138214,843776,34.640614
7.0659485e-06,0.0,92.46,92.46,0.6904435455799103,4634,104,0.4911998,-1.0857599e-05,212992,185.14793801307678,851968,31.739769
6.517467e-06,0.0,83.88,83.88,0.7170693278312683,4690,105,0.48993158,-3.1975476e-05,215040,186.8948459625244,860160,28.442947
1.45149625e-05,0.0,86.78,86.78,0.726334810256958,4700,106,0.4885223,-0.000114135546,217088,188.63800692558289,868352,27.995935
3.454874e-05,0.0,92.13,92.13,0.7242472767829895,4714,107,0.4910691,-4.7868387e-05,219136,190.37597274780273,876544,30.972242
7.8387875e-06,0.0,84.98,84.98,0.7263961732387543,4685,108,0.48946148,-1.1262207e-05,221184,192.12470602989197,884736,27.91916
5.2005074e-05,0.0,91.48,91.48,0.7306735813617706,4679,109,0.4883354,5.369413e-05,223232,193.87592601776123,892928,29.729847
1.2045042e-05,0.0,102.01,102.01,0.7356002032756805,4692,110,0.48696566,-6.8783105e-05,225280,195.6222448348999,901120,31.54179
5.9547034e-05,0.0,94.2,94.2,0.763773500919342,4680,111,0.48956564,-0.00044130854,227328,197.3727948665619,909312,26.890633
5.7051115e-05,0.0,93.86,93.86,0.7586404234170914,4714,112,0.49284378,-0.00018904911,229376,199.11094188690186,917504,27.755274
4.412762e-05,0.0,91.17,91.17,0.7597653865814209,4700,113,0.48872384,-0.00022018928,231424,200.8540449142456,925696,27.677706
3.0457268e-05,0.0,97.39,97.39,0.7537665665149689,4718,114,0.4923563,4.6267684e-05,233472,202.5907199382782,933888,29.261513
1.7773937e-05,0.0,95.64,95.64,0.7637321949005127,4703,115,0.49219763,-5.915368e-05,235520,204.33301615715027,942080,28.41334
8.317496e-06,0.0,89.49,89.49,0.7841202169656754,4677,116,0.48967922,-5.730908e-06,237568,206.08476901054382,950272,25.076569
1.497006e-05,0.0,96.41,96.41,0.7562557607889175,4688,117,0.48970422,-5.99482e-05,239616,207.83236694335938,958464,28.60187
5.722684e-06,0.0,88.91,88.91,0.8005972057580948,4704,118,0.49208435,-1.573324e-05,241664,209.57410192489624,966656,23.47678
9.229192e-06,0.0,89.98,89.98,0.8006124943494797,4706,119,0.48748708,-7.753863e-05,243712,211.31527876853943,974848,23.883795
3.0484898e-05,0.0,93.09,93.09,0.8058005422353745,4709,120,0.48985133,-1.016818e-05,245760,213.05527710914612,983040,24.120012
4.3582986e-05,0.0,93.71,93.71,0.8029154539108276,4705,121,0.48860353,-7.6171935e-05,247808,214.79682302474976,991232,24.657177
4.8875104e-06,0.0,92.9,92.9,0.8147391527891159,4698,122,0.48944086,1.1583863e-05,249856,216.540864944458,999424,23.489193
1.5373531e-05,0.0,95.44,95.44,0.8019208461046219,4721,123,0.49046955,-8.48857e-05,251904,218.27638792991638,1007616,24.591908
4.113334e-05,0.0,94.08,94.08,0.8147992491722107,4723,124,0.49290642,-2.8614628e-05,253952,220.0113160610199,1015808,23.601063
4.5101366e-05,0.0,98.61,98.61,0.8175665885210037,4733,125,0.4914042,-0.00017302921,256000,221.74236583709717,1024000,24.156631
4.1471812e-05,0.0,97.62,97.62,0.8142817616462708,4727,126,0.494878,-4.954898e-05,258048,223.47569108009338,1032192,24.848663
1.0320701e-05,0.0,105.13,105.13,0.7795398682355881,4718,127,0.49606603,-6.771434e-05,260096,225.21239304542542,1040384,28.972176
3.3217046e-05,0.0,104.13,104.13,0.794677346944809,4732,128,0.49928212,-0.0001156706,262144,226.9439389705658,1048576,26.644968
1.8061224e-05,0.0,106.78,106.78,0.7989980429410934,4625,129,0.50138795,-0.00014806562,264192,228.71564078330994,1056768,27.431524
9.227023e-05,0.0,102.65,102.65,0.8239158987998962,4719,130,0.50051796,-0.00023473497,266240,230.45178174972534,1064960,22.832626
7.077136e-05,0.0,104.93,104.93,0.7952274233102798,4738,131,0.49749374,-0.0004507735,268288,232.18115091323853,1073152,27.191519
0.00011841967,0.0,102.99,102.99,0.8124808967113495,4734,132,0.49835992,-0.00019749482,270336,233.91210293769836,1081344,24.29994
4.367951e-05,0.0,100.89,100.89,0.7925194501876831,4737,133,0.49571872,-0.00019067319,272384,235.6417589187622,1089536,26.094208
5.5633718e-05,0.0,112.59,112.59,0.7589904069900513,4711,134,0.49653256,-0.0004888012,274432,237.3810589313507,1097728,30.650417
0.00026975732,3.0517578e-05,112.04,112.04,0.7866822481155396,4741,135,0.50422543,-0.000963683,276480,239.10926795005798,1105920,27.706959
0.00017244258,3.0517578e-05,122.39,122.39,0.7007035911083221,4757,136,0.504029,-0.00045342807,278528,240.83176183700562,1114112,35.89636
7.226592e-05,0.0,118.24,118.24,0.7661382406949997,4735,137,0.50508046,-0.00034395486,280576,242.56204080581665,1122304,29.282114
0.00014961549,3.0517578e-05,119.31,119.31,0.7561132311820984,4699,138,0.5061822,-0.0005801247,282624,244.30563497543335,1130496,30.53168
0.00031124547,3.0517578e-05,126.83,126.83,0.7504205256700516,4756,139,0.51145124,-0.0006668175,284672,246.0284299850464,1138688,32.027042
0.00014785738,0.0,134.44,134.44,0.7197157442569733,4757,140,0.51221514,2.1992746e-06,286720,247.75067400932312,1146880,34.59399
2.1052996e-05,0.0,133.83,133.83,0.6886550486087799,4764,141,0.5086378,-0.00015311353,288768,249.4705638885498,1155072,36.098682
6.1325204e-06,0.0,135.39,135.39,0.6475825011730194,4802,142,0.50778854,-9.905403e-05,290816,251.1769778728485,1163264,39.163486
1.2981517e-05,0.0,140.82,140.82,0.6376830339431763,4787,143,0.50246614,-0.00014312523,292864,252.88850784301758,1171456,40.112656
2.8368715e-05,0.0,148.45,148.45,0.6234225928783417,4746,144,0.5050199,-0.0001670647,294912,254.61491298675537,1179648,40.79041
4.6796507e-05,0.0,150.93,150.93,0.6237012445926666,4799,145,0.5062842,-0.00037682537,296960,256.32227396965027,1187840,40.6835
0.00012660532,3.0517578e-05,152.18,152.18,0.6477071046829224,4789,146,0.50977874,-0.0007294419,299008,258.0330469608307,1196032,39.92693
0.00017915662,3.0517578e-05,151.71,151.71,0.5699158012866974,4789,147,0.51368356,-0.0005671242,301056,259.74409079551697,1204224,43.659462
3.2853786e-05,0.0,151.84,151.84,0.5461308360099792,4795,148,0.5145136,-2.8881797e-05,303104,261.45284605026245,1212416,43.988792
6.168866e-05,0.0,158.61,158.61,0.4826011657714844,4796,149,0.5104386,-0.0002724737,305152,263.1611137390137,1220608,48.178455
0.0001719176,0.0,166.82,166.82,0.44071847200393677,4469,150,0.51511556,-0.00037258092,307200,264.9943890571594,1228800,49.184593
5.4327014e-05,0.0,176.24,176.24,0.44041597843170166,4753,151,0.5145935,-0.00015340468,309248,266.71816992759705,1236992,49.587444
5.3140906e-05,0.0,174.14,174.14,0.4542617201805115,4736,152,0.51660097,-0.0001324616,311296,268.448194026947,1245184,48.570362
1.5136306e-05,0.0,178.35,178.35,0.36474019289016724,4787,153,0.5186697,-7.298919e-05,313344,270.15985584259033,1253376,52.1205
5.349127e-06,0.0,183.88,183.88,0.3287978172302246,4777,154,0.51849043,-4.3920096e-05,315392,271.8748710155487,1261568,53.7773
6.4750875e-06,0.0,184.66,184.66,0.414270281791687,4671,155,0.5119505,-0.00011976212,317440,273.62915778160095,1269760,50.20194
3.9646668e-05,0.0,182.96,182.96,0.3825473189353943,4534,156,0.5161164,-0.00014894019,319488,275.43627071380615,1277952,51.81733
1.7923127e-05,0.0,183.5,183.5,0.3523292541503906,4805,157,0.5183185,-6.974494e-05,321536,277.1413309574127,1286144,52.868793
2.0940708e-05,0.0,185.31,185.31,0.26321709156036377,4782,158,0.513212,-0.000144235,323584,278.8546829223633,1294336,55.476017
1.4600291e-05,0.0,181.75,181.75,0.3664597272872925,4661,159,0.5091162,1.2969103e-06,325632,280.6124658584595,1302528,53.201363
9.6331074e-05,0.0,183.96,183.96,0.2092984914779663,4658,160,0.5159265,-0.00038117144,327680,282.37172508239746,1310720,56.933353
0.00011553531,0.0,185.22,185.22,0.2603870630264282,4734,161,0.51950437,-0.00025205954,329728,284.10242104530334,1318912,56.1883
0.00012841972,0.0,186.17,186.17,0.20294040441513062,4658,162,0.520433,-0.00017362597,331776,285.86151099205017,1327104,57.499367
0.00013658399,0.0,187.31,187.31,0.19125187397003174,4572,163,0.5235941,-0.00030218612,333824,287.6536078453064,1335296,57.76477
0.00010394718,0.0,190.15,190.15,0.1158258318901062,4718,164,0.52402335,5.3873882e-05,335872,289.3903820514679,1343488,59.835377
0.00017783746,0.0,192.11,192.11,0.25407934188842773,4782,165,0.5231744,-0.00042168074,337920,291.10386204719543,1351680,56.068275
0.0003439018,0.0,189.48,189.48,0.2579835057258606,4787,166,0.52174026,-0.00011013058,339968,292.8153018951416,1359872,56.554012
0.000118753946,0.0,186.59,186.59,0.25599217414855957,4799,167,0.51895314,-0.00030281782,342016,294.5225410461426,1368064,57.208633
0.0006197302,0.0,187.08,187.08,0.2160111665725708,4753,168,0.5158089,-0.0007027245,344064,296.2462978363037,1376256,57.12859
9.385484e-05,0.0,188.95,188.95,0.21798402070999146,4794,169,0.5176205,0.00021130148,346112,297.95675802230835,1384448,57.948223
0.00033710478,0.0,189.61,189.61,0.1840289831161499,4744,170,0.5196394,-0.00042757025,348160,299.68371200561523,1392640,58.598103
0.00014587483,0.0,193.33,193.33,0.0302620530128479,4691,171,0.5226242,5.5081633e-05,350208,301.4303288459778,1400832,62.47734
2.6095001e-06,0.0,197.06,197.06,0.1369205117225647,4744,172,0.5256594,-2.6129928e-06,352256,303.1573748588562,1409024,60.030365
0.00013145388,0.0,196.8,196.8,0.10563629865646362,4795,173,0.5268445,-0.0003717074,354304,304.8660910129547,1417216,60.850025
0.00019492011,0.0,194.79,194.79,0.10958725214004517,4773,174,0.5304884,-5.7187834e-05,356352,306.5826449394226,1425408,61.930977
0.0005309221,0.0,194.07,194.07,0.1468113660812378,4733,175,0.52573746,-0.00018489863,358400,308.3136157989502,1433600,60.56346
3.090113e-05,0.0,192.33,192.33,0.20158541202545166,4752,176,0.52099323,5.2426796e-05,360448,310.03765511512756,1441792,59.18844
0.00014243367,0.0,193.05,193.05,0.19858473539352417,4773,177,0.5253129,-0.0002236058,362496,311.75440883636475,1449984,58.06523
6.0771574e-05,0.0,195.08,195.08,0.15075194835662842,4693,178,0.523345,-7.2904935e-05,364544,313.5004389286041,1458176,60.87792
8.6798114e-05,0.0,194.82,194.82,0.10955524444580078,4806,179,0.5211022,-0.00022337871,366592,315.20538806915283,1466368,63.10582
5.1313174e-05,0.0,194.07,194.07,0.25808966159820557,4787,180,0.52677274,-6.628892e-05,368640,316.9170229434967,1474560,56.879677
0.00082007097,0.00088500977,193.12,193.12,0.2228371500968933,4783,181,0.52890354,-0.00074088026,370688,318.6300790309906,1482752,59.476383
0.00053696084,0.0012817383,195.23,195.23,0.07312071323394775,4524,182,0.5317903,-0.0004671056,372736,320.44105982780457,1490944,62.40845
0.00016023761,0.0,195.63,195.63,0.13200169801712036,4660,183,0.53563267,-3.9432663e-05,374784,322.1991810798645,1499136,61.327236
8.534403e-05,0.0,195.37,195.37,0.09398579597473145,4622,184,0.5363176,-0.00013471497,376832,323.97176599502563,1507328,64.88712
8.798307e-05,0.0,195.61,195.61,0.09968852996826172,4691,185,0.53597456,-3.235547e-05,378880,325.7185249328613,1515520,63.050674
6.889917e-05,0.0,195.27,195.27,0.12151849269866943,4724,186,0.5376181,-0.00014026469,380928,327.45284605026245,1523712,62.652554
0.0006354581,0.0,195.56,195.56,0.1201547384262085,4714,187,0.543758,-0.0005202315,382976,329.19102478027344,1531904,62.435345
0.0009681857,0.00021362305,195.71,195.71,0.0863574743270874,4741,188,0.5426105,-0.0005740181,385024,330.9190809726715,1540096,65.28868
0.0005098305,0.0,198.11,198.11,0.06251251697540283,4810,189,0.54980683,-7.045129e-05,387072,332.62255787849426,1548288,64.02037
2.74849e-05,0.0,198.64,198.64,0.15298044681549072,4783,190,0.5452483,5.0079543e-06,389120,334.33567094802856,1556480,61.704967
0.0023912848,0.019195557,196.16,196.16,0.21307694911956787,4791,191,0.54642385,-0.002609675,391168,336.0456819534302,1564672,61.688366
0.0016907735,0.011230469,195.68,195.68,0.04704272747039795,4814,192,0.53273964,-0.0004541107,393216,337.74772787094116,1572864,65.599915
4.011156e-05,0.0,196.56,196.56,0.046314537525177,4794,193,0.53761685,-5.6857738e-05,395264,339.4567859172821,1581056,65.98817
9.7068776e-05,0.0,199.61,199.61,0.059352338314056396,4807,194,0.5376138,-9.022799e-06,397312,341.16135597229004,1589248,68.07798
1.0010119e-05,0.0,199.81,199.81,0.039656996726989746,4799,195,0.53687924,-3.4559656e-05,399360,342.8688259124756,1597440,67.36097
6.693923e-05,0.0,198.98,198.98,0.027984559535980225,4777,196,0.53247684,-5.241396e-05,401408,344.5839407444,1605632,67.961426
0.00026560653,0.0005187988,198.95,198.95,0.04906851053237915,4805,197,0.5369688,-0.00038364658,403456,346.2892427444458,1613824,66.667404
0.00033015737,0.00036621094,199.78,199.78,0.012370288372039795,4601,198,0.55038357,-0.00010238483,405504,348.0699667930603,1622016,69.59843
0.00016479382,0.0,197.8,197.8,0.03802824020385742,4800,199,0.5471357,-4.5135006e-05,407552,349.77706694602966,1630208,69.470924
0.001134723,0.0076904297,195.43,195.43,0.022591829299926758,4811,200,0.5357908,-0.0010322491,409600,351.48008489608765,1638400,70.42822
0.00041922968,0.00045776367,195.99,195.99,0.050601959228515625,4827,201,0.5331489,-0.0002704937,411648,353.1834590435028,1646592,67.853035
0.0005897495,0.0,198.1,198.1,0.015305817127227783,4810,202,0.53143257,-0.0003086042,413696,354.8868098258972,1654784,70.42959
0.00014038806,0.0,198.78,198.78,0.042653560638427734,4737,203,0.5349859,-0.00018782962,415744,356.61655592918396,1662976,70.35437
0.00036459832,0.0,198.37,198.37,0.05717289447784424,4772,204,0.53341,-5.0216935e-05,417792,358.33369398117065,1671168,69.212685
4.7355225e-05,0.0,198.57,198.57,0.024796903133392334,4781,205,0.52877074,-1.0840726e-05,419840,360.0473349094391,1679360,70.16219
9.632889e-05,0.0,198.12,198.12,0.03952038288116455,4838,206,0.5316253,3.5317935e-06,421888,361.74107789993286,1687552,73.64911
2.7253078e-05,0.0,199.5,199.5,0.021239638328552246,4780,207,0.52895844,2.3600172e-05,423936,363.45517587661743,1695744,70.49898
0.000113187656,0.0,199.88,199.88,0.03235471248626709,4826,208,0.53413266,-0.00010075144,425984,365.1530261039734,1703936,70.13373
0.00037613584,0.00045776367,198.86,198.86,0.07185053825378418,4811,209,0.527277,-0.0003003188,428032,366.8560628890991,1712128,70.43378
0.0003999537,0.00021362305,198.91,198.91,0.024307548999786377,4801,210,0.52528054,-0.00027396998,430080,368.5625379085541,1720320,73.54348
0.00012100593,0.0,199.26,199.26,0.012748897075653076,4774,211,0.52226907,0.00015020804,432128,370.27871680259705,1728512,72.47722
0.00026259344,0.0,199.58,199.58,0.03228914737701416,4764,212,0.5204066,4.123547e-06,434176,371.9986617565155,1736704,72.87314
0.00017595435,0.0,199.58,199.58,0.021740853786468506,4830,213,0.5162003,-0.00017766566,436224,373.694947719574,1744896,72.71604
0.00039591084,0.00024414062,199.58,199.58,0.0017268657684326172,4810,214,0.5105385,-7.1825765e-05,438272,375.3984568119049,1753088,77.23817
6.0731138e-05,0.0,200.0,200.0,0.012287378311157227,4834,215,0.5078815,-1.1935539e-05,440320,377.0932569503784,1761280,73.47768
0.00041100092,0.00091552734,200.0,200.0,0.06028246879577637,4815,216,0.504974,-0.00050107064,442368,378.7947950363159,1769472,73.34332
4.604949e-05,0.0,200.0,200.0,0.03565794229507446,4805,217,0.51162434,-5.644746e-06,444416,380.5000739097595,1777664,72.9807
0.00016927987,0.0,200.0,200.0,0.022270798683166504,4811,218,0.50936913,-0.0001641873,446464,382.2030436992645,1785856,76.625854
0.0012489186,0.0029296875,199.85,199.85,0.055623412132263184,4804,219,0.5068289,-0.00045487276,448512,383.908686876297,1794048,73.52675
0.00028171763,0.0,198.9,198.9,0.19857317209243774,4808,220,0.51141393,-0.00041075924,450560,385.6126778125763,1802240,67.27034
0.0026885509,0.012084961,197.29,197.29,0.09175390005111694,4717,221,0.5054583,-0.00068497064,452608,387.34955191612244,1810432,73.19531
0.00023771374,0.00024414062,198.18,198.18,0.01930224895477295,4791,222,0.5088588,-0.00010791089,454656,389.05957674980164,1818624,76.794754
0.0010433217,0.008361816,198.56,198.56,0.027373790740966797,4805,223,0.52463657,-0.0004252483,456704,390.76475191116333,1826816,79.01219
0.0010631214,0.0032043457,200.0,200.0,0.05291849374771118,4807,224,0.5162944,-0.0007140547,458752,392.46924591064453,1835008,74.32688
0.0010705729,0.0073242188,200.0,200.0,0.01054680347442627,4772,225,0.5057725,-0.0005149564,460800,394.1861288547516,1843200,76.69472
0.00084925734,0.0068359375,200.0,200.0,0.03165936470031738,4831,226,0.5134026,-0.00040218708,462848,395.8820700645447,1851392,77.587135
0.00049388927,0.0022277832,199.77,199.77,0.04385256767272949,4791,227,0.5203649,-0.00014610557,464896,397.592246055603,1859584,80.34823
0.00067328714,0.00088500977,199.77,199.77,0.010123968124389648,4730,228,0.52002645,-0.00014427507,466944,399.32440876960754,1867776,77.74027
0.00012013799,0.0,199.66,199.66,0.020929694175720215,4816,229,0.5173294,8.004569e-05,468992,401.02558994293213,1875968,77.76684
0.0009839401,0.006439209,199.89,199.89,0.004749953746795654,4829,230,0.5087965,-0.0004952376,471040,402.72244095802307,1884160,80.57416
0.0006893536,0.0006713867,199.89,199.89,0.04167306423187256,4837,231,0.5079286,-0.00054556207,473088,404.41634583473206,1892352,82.104866
0.00069082365,0.0013122559,199.88,199.88,0.014423787593841553,4827,232,0.5036911,0.00013235892,475136,406.1137218475342,1900544,79.02473
0.0011365733,0.007019043,199.88,199.88,0.038567304611206055,4818,233,0.4867952,-0.000464817,477184,407.8143699169159,1908736,78.12952
0.0002656843,0.0,199.88,199.88,-0.00864267349243164,4834,234,0.48768622,-0.0001574061,479232,409.50934982299805,1916928,82.63269
0.0012853357,0.006439209,198.14,198.14,0.07472562789916992,4785,235,0.48904747,-0.00062033825,481280,411.2216818332672,1925120,82.53117
0.00056126516,0.0022888184,198.14,198.14,0.04882246255874634,4631,236,0.4837859,-0.00043076623,483328,412.99088191986084,1933312,79.80252
0.00076153845,0.001159668,200.0,200.0,0.014927864074707031,4813,237,0.4753108,-0.00028862612,485376,414.6933808326721,1941504,80.699005
0.0005919436,0.004333496,200.0,200.0,-0.0031614303588867188,4757,238,0.48116612,-0.00026787986,487424,416.41567277908325,1949696,82.78
0.0017112602,0.015930176,200.0,200.0,0.03049921989440918,4821,239,0.48977482,-0.0007799,489472,418.1150999069214,1957888,84.417145
8.132867e-05,0.0,200.0,200.0,0.018275141716003418,4744,240,0.49016404,0.00016868222,491520,419.84226989746094,1966080,83.349945
0.00096913276,0.008056641,200.0,200.0,0.017183244228363037,4642,241,0.50686574,-0.00054577383,493568,421.60735273361206,1974272,81.75704
0.00027130166,0.00012207031,200.0,200.0,0.027705132961273193,4732,242,0.49053916,-0.00024344974,495616,423.3389461040497,1982464,83.082085
0.0008344753,0.007751465,200.0,200.0,0.02433490753173828,4814,243,0.50245583,-0.00017955137,497664,425.04111194610596,1990656,85.80486
0.0014489138,0.010192871,200.0,200.0,0.004661083221435547,4756,244,0.49085313,-0.00021581788,499712,426.7639219760895,1998848,85.34235
0.00094445306,0.0022277832,200.0,200.0,0.016695678234100342,4772,245,0.4940807,-0.0005034775,501760,428.480890750885,2007040,83.28113
0.0017530227,0.014251709,200.0,200.0,0.019076526165008545,4728,246,0.4984018,-0.0009579442,503808,430.21371483802795,2015232,85.653854
0.0017119664,0.016143799,199.5,199.5,0.017203688621520996,4795,247,0.50041753,-0.0006894575,505856,431.9223198890686,2023424,85.88362
0.0006269419,0.0018920898,199.5,199.5,0.04836660623550415,4722,248,0.48916945,0.00010029273,507904,433.65753078460693,2031616,84.40011
0.0012408099,0.005645752,200.0,200.0,0.006914377212524414,4749,249,0.49590775,-0.0003695882,509952,435.38286113739014,2039808,86.22093
0.0028688312,0.021820068,200.0,200.0,0.005593776702880859,4818,250,0.4819091,-0.0007082593,512000,437.0833158493042,2048000,87.49762
0.0015434698,0.01361084,200.0,200.0,0.0019729137420654297,4811,251,0.49600223,-0.0005543826,514048,438.78632402420044,2056192,87.364265
0.00032463254,3.0517578e-05,200.0,200.0,0.015094399452209473,4819,252,0.47945562,0.00039376123,516096,440.48670196533203,2064384,87.19013
0.0028856094,0.031555176,200.0,200.0,0.008090376853942871,4825,253,0.4859685,-0.0012054943,518144,442.18470287323,2072576,87.64261
0.0018687766,0.017028809,200.0,200.0,0.013966917991638184,4733,254,0.4671462,-0.00028399736,520192,443.91592812538147,2080768,86.968544
0.00029464538,0.0016174316,200.0,200.0,-0.0025092363357543945,4664,255,0.47408277,-0.00014640528,522240,445.6726939678192,2088960,87.82233
0.0025753377,0.027130127,200.0,200.0,0.026500403881072998,4714,256,0.48773307,-0.0006025721,524288,447.4107668399811,2097152,86.82868
0.002184627,0.012512207,200.0,200.0,0.0007207393646240234,4805,257,0.4705767,-0.00042224498,526336,449.115779876709,2105344,88.583565
0.00047488438,0.0023498535,200.0,200.0,-0.0007727146148681641,4814,258,0.49007076,-0.00015973338,528384,450.81762409210205,2113536,88.37169
0.0005577559,0.0016174316,200.0,200.0,0.025452136993408203,4811,259,0.47517177,-0.00018547518,530432,452.5205760002136,2121728,86.84395
0.0015955792,0.011657715,200.0,200.0,0.009442269802093506,4814,260,0.46507108,-0.0006087712,532480,454.22264289855957,2129920,87.994194
0.00012510031,0.0,200.0,200.0,0.02554035186767578,4819,261,0.4706242,2.4847846e-05,534528,455.9230270385742,2138112,87.11715
0.00074238004,0.0,200.0,200.0,0.030632317066192627,4810,262,0.4600149,-0.000269611,536576,457.6266338825226,2146304,85.10612
0.00064971764,0.00015258789,200.0,200.0,0.0046866536140441895,4808,263,0.460485,-0.00029233957,538624,459.3306179046631,2154496,89.49669
0.0029552497,0.026947021,200.0,200.0,0.004458069801330566,4820,264,0.45373866,-0.00111757,540672,461.0304880142212,2162688,89.11385
0.0002241903,3.0517578e-05,200.0,200.0,0.00982511043548584,4832,265,0.4547209,0.00019730264,542720,462.7260060310364,2170880,88.767
0.001042393,0.0012207031,200.0,200.0,0.009625613689422607,4816,266,0.44449404,-0.000103099606,544768,464.4273190498352,2179072,86.79414
0.0011906663,0.005004883,200.0,200.0,0.011289060115814209,4802,267,0.4424365,-0.00025968673,546816,466.1336009502411,2187264,90.52365
0.00023473987,0.0,200.0,200.0,0.012323439121246338,4806,268,0.44439653,-3.198788e-05,548864,467.8384928703308,2195456,88.619965
0.00064297783,0.001739502,200.0,200.0,0.014758527278900146,4815,269,0.43887803,-0.00054134725,550912,469.54031896591187,2203648,88.30921
0.00020090924,0.0,200.0,200.0,0.03427267074584961,4823,270,0.431827,6.55004e-05,552960,471.2391390800476,2211840,85.17944
0.0008868617,0.006286621,200.0,200.0,0.011228442192077637,4822,271,0.43935844,-0.00046098017,555008,472.93824315071106,2220032,89.73205
0.0010824836,0.0016784668,200.0,200.0,0.02401071786880493,4804,272,0.43906543,-0.0007408694,557056,474.6436700820923,2228224,86.1071
0.0020413473,0.018157959,200.0,200.0,0.007041811943054199,4820,273,0.4302497,-0.0011801264,559104,476.3435220718384,2236416,88.86529
0.00015297289,6.1035156e-05,200.0,200.0,0.009172022342681885,4811,274,0.4375531,9.662262e-05,561152,478.04977798461914,2244608,88.68103
0.0001451364,3.0517578e-05,200.0,200.0,0.007734954357147217,4803,275,0.43549865,-3.8889353e-05,563200,479.75572395324707,2252800,89.782776
0.002807744,0.029663086,200.0,200.0,0.007221817970275879,4832,276,0.427008,-0.0010970572,565248,481.45138001441956,2260992,89.27959
0.002013048,0.015014648,200.0,200.0,-0.001902461051940918,4746,277,0.4343644,-0.00070952356,567296,483.1779320240021,2269184,90.290695
0.00046759265,0.0,200.0,200.0,0.01768726110458374,4816,278,0.42892575,-0.00016816311,569344,484.87912702560425,2277376,88.83281
0.00042510577,0.00079345703,200.0,200.0,0.009505629539489746,4800,279,0.42125806,-0.00010816948,571392,486.58617186546326,2285568,89.45102
0.0005698561,0.0030822754,200.0,200.0,0.010325968265533447,4740,280,0.42136937,-0.00041504376,573440,488.314777135849,2293760,89.472466
0.00016670482,0.0,200.0,200.0,0.009925365447998047,4826,281,0.42221272,-0.00013991955,575488,490.01254892349243,2301952,89.61968
0.0011722583,0.0043945312,200.0,200.0,0.006346642971038818,4804,282,0.41282266,-0.00021850487,577536,491.7182569503784,2310144,89.53595
0.0004164654,0.0028381348,200.0,200.0,0.005020856857299805,4810,283,0.41307113,-0.00044504958,579584,493.4217698574066,2318336,89.69417
0.00048115035,0.0014648438,200.0,200.0,0.002131819725036621,4832,284,0.4280874,-5.265145e-05,581632,495.1174867153168,2326528,89.90268
0.0007073283,0.007232666,200.0,200.0,0.0005206465721130371,4817,285,0.43437016,-0.0006785213,583680,496.8182940483093,2334720,89.88322
0.0028626774,0.030731201,200.0,200.0,-0.001560807228088379,4789,286,0.44074833,-0.0008465426,585728,498.5291440486908,2342912,89.71172
0.0016389951,0.0067749023,200.0,200.0,0.03031522035598755,4803,287,0.43580198,5.3202966e-05,587776,500.23522090911865,2351104,85.41373
0.00018387339,9.1552734e-05,200.0,200.0,0.016315996646881104,4809,288,0.4326382,-0.0002819863,589824,501.9389319419861,2359296,89.214325
0.0005695054,0.00012207031,200.0,200.0,0.011622428894042969,4772,289,0.42793092,-0.0002728892,591872,503.65584683418274,2367488,89.22738
0.00028494,0.0004272461,200.0,200.0,0.0031325221061706543,4823,290,0.4352653,-0.000115576724,593920,505.35464096069336,2375680,89.937965
0.00040915344,0.0032348633,200.0,200.0,-0.0024222135543823242,4753,291,0.4441107,-0.00022699048,595968,507.07867789268494,2383872,88.490036
0.0018210775,0.013641357,200.0,200.0,0.0007280707359313965,4787,292,0.451416,-0.000539611,598016,508.79042887687683,2392064,91.663315
0.00022052041,0.0,200.0,200.0,0.007184505462646484,4803,293,0.4433732,1.3685814e-05,600064,510.4966058731079,2400256,88.92084
0.0011990443,0.004638672,200.0,200.0,0.022557556629180908,4812,294,0.43876404,-0.001047309,602112,512.1994018554688,2408448,87.42584
0.0012164473,0.00579834,200.0,200.0,0.004682600498199463,4806,295,0.43825743,-0.0004964186,604160,513.9040958881378,2416640,87.59437
0.0008122863,0.0047912598,200.0,200.0,-0.0001544952392578125,4810,296,0.4393425,-0.00022968606,606208,515.6076447963715,2424832,91.889206
0.00073644443,0.0038146973,200.0,200.0,0.008480370044708252,4822,297,0.4287785,-6.0089442e-05,608256,517.3068699836731,2433024,87.13711
0.0003311282,0.0012817383,200.0,200.0,-0.001590132713317871,4797,298,0.4170465,-0.00022370662,610304,519.0148501396179,2441216,88.526054
0.0004725564,0.0012817383,200.0,200.0,0.015923678874969482,4839,299,0.41240212,-0.0001938854,612352,520.7082030773163,2449408,87.175095
0.00041376258,0.0,200.0,200.0,0.002650141716003418,4816,300,0.41950765,-0.000100911595,614400,522.409502029419,2457600,89.54855
7.265368e-05,0.0,200.0,200.0,-0.009685635566711426,4803,301,0.40978178,1.4403828e-05,616448,524.121640920639,2465792,89.490776
0.00075569574,0.006378174,200.0,200.0,-0.0002918243408203125,4819,302,0.41952315,-0.00043170422,618496,525.8219268321991,2473984,89.41942
0.0001794081,0.0,200.0,200.0,-0.005316615104675293,4819,303,0.41773197,-7.577051e-05,620544,527.5221900939941,2482176,89.67516
0.00086655293,0.008575439,200.0,200.0,-0.0013058185577392578,4824,304,0.4313773,-0.0005586358,622592,529.2205100059509,2490368,89.713905
0.0011039019,0.0008544922,200.0,200.0,-0.0028753280639648438,4806,305,0.43900126,-0.00021229552,624640,530.9253559112549,2498560,89.4294
0.00051570154,0.002532959,200.0,200.0,-0.002779364585876465,4798,306,0.43013626,-0.00026386493,626688,532.6329710483551,2506752,89.42855
0.0004865721,3.0517578e-05,200.0,200.0,-0.0012004375457763672,4802,307,0.43056506,2.78496e-06,628736,534.3391580581665,2514944,89.32653
0.000259304,0.00024414062,200.0,200.0,-0.0010322332382202148,4812,308,0.42827758,-0.00011429732,630784,536.0418839454651,2523136,89.19329
0.0005044928,0.0007019043,200.0,200.0,0.0033171772956848145,4726,309,0.41772708,-6.092008e-05,632832,537.7755899429321,2531328,88.71997
3.535385e-05,0.0,200.0,200.0,0.006993770599365234,4815,310,0.41552442,1.7628045e-05,634880,539.4773707389832,2539520,88.21352
0.00045496365,0.0037231445,200.0,200.0,0.008744120597839355,4807,311,0.42873397,-0.00026397518,636928,541.1817729473114,2547712,88.16159
0.00019151179,0.0,200.0,200.0,0.013793587684631348,4862,312,0.43452844,-0.00016194701,638976,542.8669259548187,2555904,85.88188
0.00047815405,9.1552734e-05,200.0,200.0,0.017377495765686035,4789,313,0.42878664,-0.00040888423,641024,544.5777831077576,2564096,88.40586
0.0005778609,0.0015258789,200.0,200.0,0.00815349817276001,4800,314,0.42802158,-0.00033026244,643072,546.2846310138702,2572288,88.73012
0.0010214151,0.004119873,200.0,200.0,0.006900608539581299,4805,315,0.42850554,-0.00050222664,645120,547.9896419048309,2580480,89.40348
0.00015129967,0.0,200.0,200.0,-0.007539868354797363,4798,316,0.42051145,-9.789875e-05,647168,549.6972329616547,2588672,88.62696
0.0007202325,0.004638672,200.0,200.0,-0.003790140151977539,4818,317,0.40625596,-0.00037393044,649216,551.3977389335632,2596864,91.839134
0.0019179715,0.019866943,200.0,200.0,-0.001840829849243164,4816,318,0.39299822,-0.00052802806,651264,553.0991287231445,2605056,89.62624
5.61975e-05,0.0,200.0,200.0,0.010912477970123291,4817,319,0.38853982,4.0647385e-05,653312,554.8002350330353,2613248,88.322495
0.0001827378,0.00039672852,200.0,200.0,0.020299017429351807,4801,320,0.37965032,-0.0004262274,655360,556.506963968277,2621440,85.79944
0.0007011099,0.0010986328,200.0,200.0,0.005966365337371826,4793,321,0.3669044,-0.0004372099,657408,558.2164537906647,2629632,90.36833
0.0007516345,0.004119873,200.0,200.0,-0.001303553581237793,4806,322,0.37910125,4.265408e-05,659456,559.9213790893555,2637824,87.69783
0.0017344032,0.02243042,200.0,200.0,0.0033849477767944336,4798,323,0.37995818,-0.00055191404,661504,561.6289498806,2646016,89.043144
0.00067819294,0.0007019043,200.0,200.0,-0.0004888772964477539,4808,324,0.3801179,-2.8819588e-05,663552,563.3329999446869,2654208,89.0736
0.00047032489,0.0013427734,200.0,200.0,-0.0025968551635742188,4808,325,0.3857529,-0.00036328868,665600,565.0372788906097,2662400,90.28716
0.0012366079,0.0039367676,200.0,200.0,-0.002238154411315918,4736,326,0.38934326,-0.0005543117,667648,566.7671248912811,2670592,89.49585
8.389905e-05,0.0,200.0,200.0,-0.0005445480346679688,4771,327,0.38461077,-7.821794e-05,669696,568.4846479892731,2678784,89.460594
0.00032232274,0.0,200.0,200.0,0.013413846492767334,4775,328,0.38542867,-0.00031433516,671744,570.2005047798157,2686976,88.458664
0.000117218406,0.0,200.0,200.0,0.001499950885772705,4783,329,0.38865298,9.590411e-06,673792,571.9135019779205,2695168,89.64461
7.10839e-05,0.0,200.0,200.0,0.00996774435043335,4816,330,0.38798985,-4.732631e-05,675840,573.6146440505981,2703360,88.84357
0.0002764879,0.0,200.0,200.0,0.0071839094161987305,4818,331,0.3856039,-0.00018060359,677888,575.3150599002838,2711552,89.30752
0.0004297325,0.0030822754,200.0,200.0,0.014793217182159424,4794,332,0.3918876,-0.00021516296,679936,577.0241100788116,2719744,88.895424
0.00023993521,0.0009460449,200.0,200.0,0.0024336576461791992,4783,333,0.4029868,-1.5353362e-05,681984,578.7370271682739,2727936,90.14456
0.00040414318,0.0024719238,200.0,200.0,0.006043434143066406,4787,334,0.41460684,-0.0006154477,684032,580.4486110210419,2736128,89.48327
0.00016409054,0.0004272461,200.0,200.0,0.004397332668304443,4818,335,0.41384313,-0.00021896925,686080,582.1492538452148,2744320,89.64599
0.0024528014,0.027008057,200.0,200.0,0.0064032673835754395,4808,336,0.39974508,-0.0005965657,688128,583.8534939289093,2752512,88.988304
0.0015841284,0.014678955,200.0,200.0,0.010997295379638672,4819,337,0.40179557,-0.00046527467,690176,585.5536468029022,2760704,85.97691
0.00022575055,9.1552734e-05,200.0,200.0,0.011038243770599365,4817,338,0.39576077,-0.00013681177,692224,587.254625082016,2768896,89.115555
0.0010402517,0.0022888184,200.0,200.0,0.008032619953155518,4817,339,0.39411712,-0.0005676068,694272,588.955748796463,2777088,88.59899
0.0030929525,0.042297363,200.0,200.0,0.005909740924835205,4821,340,0.38834462,-0.0010822914,696320,590.6554329395294,2785280,89.40959
0.0015006231,0.0071105957,200.0,200.0,-0.008334755897521973,4814,341,0.39079356,-0.0007255403,698368,592.3573429584503,2793472,89.00661
5.9772625e-05,0.0,200.0,200.0,0.005301177501678467,4810,342,0.3843859,1.20388e-06,700416,594.0609080791473,2801664,91.37652
0.00041038214,0.001953125,200.0,200.0,0.0030549168586730957,4822,343,0.37818444,-0.00022601498,702464,595.7601778507233,2809856,89.472855
0.00047557591,0.0018310547,200.0,200.0,0.007657289505004883,4728,344,0.36255702,-0.00020227133,704512,597.4932239055634,2818048,88.45327
0.00011290029,0.0,200.0,200.0,0.020443439483642578,4829,345,0.35480222,-9.634475e-05,706560,599.1898579597473,2826240,85.4489
0.001749879,0.013885498,200.0,200.0,0.006814420223236084,4821,346,0.35640553,-0.0004534459,708608,600.8893020153046,2834432,89.89637
0.00030364038,6.1035156e-05,200.0,200.0,-0.005695462226867676,4827,347,0.35029563,-3.6036407e-05,710656,602.5867869853973,2842624,87.90566
0.0003731314,0.00012207031,200.0,200.0,-0.007848620414733887,4812,348,0.34478706,-0.0003989512,712704,604.289464712143,2850816,89.01064
0.0003652444,0.0,200.0,200.0,0.002286553382873535,4814,349,0.341934,3.3480654e-05,714752,605.9914629459381,2859008,88.56986
5.702452e-05,0.0,200.0,200.0,-0.002529740333557129,4787,350,0.3409815,-0.00011803684,716800,607.7030429840088,2867200,89.54306
0.0007544109,0.0065612793,200.0,200.0,-0.000980377197265625,4803,351,0.32526606,-0.00047479442,718848,609.4088740348816,2875392,88.66506
0.0003794104,0.0008544922,200.0,200.0,-0.004875540733337402,4805,352,0.3110219,-0.00028930063,720896,611.1141450405121,2883584,89.116974
9.312054e-05,0.00021362305,200.0,200.0,-0.00213015079498291,4772,353,0.30883494,-0.0001372404,722944,612.8312797546387,2891776,89.006805
0.0003334969,0.0009460449,200.0,200.0,0.007327377796173096,4806,354,0.31613323,3.1046016e-05,724992,614.5362708568573,2899968,88.83044
0.0004326945,0.0022888184,200.0,200.0,0.0008919835090637207,4824,355,0.31599766,-0.00021464482,727040,616.234689950943,2908160,88.76711
0.0011172108,0.0067749023,200.0,200.0,-0.001145482063293457,4809,356,0.31102088,-0.00052312505,729088,617.9384598731995,2916352,88.765755
7.667962e-05,0.0,200.0,200.0,0.02149951457977295,4812,357,0.31267574,4.8372443e-05,731136,619.6410429477692,2924544,87.0553
0.00014972119,0.00039672852,200.0,200.0,0.006233036518096924,4812,358,0.3115596,-0.00014990369,733184,621.3437879085541,2932736,87.975685
0.00042012427,0.0017089844,200.0,200.0,0.0307924747467041,4821,359,0.29681996,-0.0004535803,735232,623.0432200431824,2940928,86.70343
5.177515e-05,0.0,200.0,200.0,0.012840628623962402,4811,360,0.29392394,-2.793473e-05,737280,624.746111869812,2949120,87.67262
2.4018213e-05,0.0,200.0,200.0,0.046682894229888916,4773,361,0.29821113,9.722189e-05,739328,626.4626288414001,2957312,85.89109
6.3616986e-05,3.0517578e-05,200.0,200.0,0.03922736644744873,4799,362,0.29895517,-0.000133178,741376,628.169842004776,2965504,84.88473
0.00025039664,0.0,200.0,200.0,0.020629703998565674,4769,363,0.30229983,0.00015294015,743424,629.8879780769348,2973696,88.91348
8.554474e-05,0.0,200.0,200.0,0.04027944803237915,4808,364,0.29829764,4.998308e-05,745472,631.5922350883484,2981888,86.98633
3.0075784e-05,0.0,200.0,200.0,0.03896218538284302,4807,365,0.29737234,-4.262595e-05,747520,633.2967188358307,2990080,87.072296
8.771543e-05,0.0,200.0,200.0,0.010860085487365723,4796,366,0.29895228,-9.218085e-05,749568,635.0050177574158,2998272,87.23172
0.00023997441,0.00039672852,200.0,200.0,0.06900542974472046,4801,367,0.29898927,-0.00017122705,751616,636.7115919589996,3006464,87.5043
6.1639366e-05,0.0,200.0,200.0,0.017617106437683105,4802,368,0.30155838,-2.4665118e-05,753664,638.4177458286285,3014656,89.113464
5.7745907e-05,0.0,200.0,200.0,0.03782600164413452,4817,369,0.298964,-1.3167257e-05,755712,640.1186418533325,3022848,88.34863
7.57211e-06,0.0,200.0,200.0,0.02940303087234497,4828,370,0.29605556,-2.728522e-05,757760,641.8157079219818,3031040,86.74579
6.843217e-05,0.0,200.0,200.0,0.043486595153808594,4817,371,0.2944094,-0.00021905525,759808,643.5168299674988,3039232,90.11028
0.00022793452,0.00012207031,200.0,200.0,0.06691879034042358,4802,372,0.29063457,-6.074313e-05,761856,645.2231619358063,3047424,85.451004
0.00012318966,0.0,200.0,200.0,0.030590057373046875,4802,373,0.28392103,-0.0001883743,763904,646.9295427799225,3055616,88.978485
0.00015577438,0.0,200.0,200.0,0.05159193277359009,4801,374,0.28263792,2.8426148e-05,765952,648.6361968517303,3063808,87.834145
0.00021730707,0.0,200.0,200.0,0.03754293918609619,4796,375,0.28181022,-0.00030647262,768000,650.3447470664978,3072000,88.80304
0.00029389566,0.0,200.0,200.0,0.04152059555053711,4826,376,0.2832863,2.511224e-05,770048,652.0423519611359,3080192,88.165565
6.393585e-05,6.1035156e-05,200.0,200.0,0.07834303379058838,4825,377,0.28170946,-0.00013961415,772096,653.7403099536896,3088384,86.51305
0.00011651068,0.0,200.0,200.0,0.03478366136550903,4804,378,0.28577483,1.5789934e-05,774144,655.4458618164062,3096576,89.067764
3.2907297e-05,0.0,200.0,200.0,0.04512584209442139,4769,379,0.28636515,-0.0001300099,776192,657.1640770435333,3104768,88.8172
4.6955967e-05,3.0517578e-05,200.0,200.0,0.05035114288330078,4790,380,0.28754076,-0.0001830068,778240,658.8745589256287,3112960,88.36064
0.0004427437,0.00390625,200.0,200.0,0.052781522274017334,4826,381,0.29707542,-0.0004977545,780288,660.5722060203552,3121152,88.268295
9.804991e-05,0.0,200.0,200.0,0.05672252178192139,4813,382,0.3030253,-0.00013765923,782336,662.2747089862823,3129344,88.057686
7.349605e-05,0.0,200.0,200.0,0.02175438404083252,4831,383,0.30327424,-0.00014917062,784384,663.9705390930176,3137536,89.79458
8.479858e-05,6.1035156e-05,200.0,200.0,0.013993918895721436,4825,384,0.30493134,-0.0001890969,786432,665.6687769889832,3145728,90.83156
0.00014588023,0.00033569336,200.0,200.0,0.014720022678375244,4809,385,0.31419346,-0.0001586148,788480,667.3723878860474,3153920,90.20962
0.00012746552,0.00039672852,200.0,200.0,0.0067664384841918945,4827,386,0.3194483,-0.00015077255,790528,669.069944858551,3162112,91.0802
0.00023224804,0.00033569336,200.0,200.0,-0.004238724708557129,4839,387,0.3267549,-0.000104646184,792576,670.7630579471588,3170304,89.47183
0.00015897772,6.1035156e-05,200.0,200.0,0.0036412477493286133,4816,388,0.33063242,-0.00020366613,794624,672.4643788337708,3178496,91.98523
3.89516e-05,0.0,200.0,200.0,0.0016433000564575195,4804,389,0.33139363,2.0207128e-05,796672,674.1699109077454,3186688,90.79411
0.0006486147,0.0039367676,200.0,200.0,-0.0025752782821655273,4806,390,0.32893646,-0.0007708012,798720,675.8747038841248,3194880,90.98384
0.0022654713,0.02947998,200.0,200.0,-0.005243778228759766,4820,391,0.3202869,-0.00034562557,800768,677.5745317935944,3203072,89.11069
0.0012867947,0.0051574707,200.0,200.0,0.0012750625610351562,4803,392,0.31924933,-0.00025396614,802816,679.2803719043732,3211264,91.803116
0.00011488785,0.0,200.0,200.0,0.007319808006286621,4821,393,0.31848544,-0.000121234996,804864,680.979877948761,3219456,90.04929
0.00031545374,0.0020446777,200.0,200.0,0.00174027681350708,4817,394,0.31128782,-0.00031275704,806912,682.6807339191437,3227648,89.97595
6.055096e-05,0.0,200.0,200.0,0.007301032543182373,4818,395,0.2973863,2.0119405e-05,808960,684.3812339305878,3235840,87.68063
0.00025561207,0.0011291504,200.0,200.0,0.0044838786125183105,4806,396,0.30295652,-0.0002142503,811008,686.0862247943878,3244032,91.1613
0.00074335886,0.0035095215,200.0,200.0,0.0072212815284729,4796,397,0.30515677,-0.00014512762,813056,687.7945148944855,3252224,87.54626
0.00040992507,0.00289917,200.0,200.0,0.0045844316482543945,4798,398,0.30899975,-0.00017928625,815104,689.5022478103638,3260416,88.79558
1.7043514e-05,0.0,200.0,200.0,0.0003281235694885254,4813,399,0.31692994,6.317228e-05,817152,691.2045068740845,3268608,88.75786
0.0006426421,0.002105713,200.0,200.0,0.0020235776901245117,4808,400,0.31410593,-0.00024967693,819200,692.9086589813232,3276800,89.40626
0.0011532445,0.0058288574,200.0,200.0,-0.003045320510864258,4813,401,0.31921235,-0.00046506437,821248,694.6174337863922,3284992,88.830284
4.870716e-05,0.0,200.0,200.0,0.0003495216369628906,4820,402,0.31292838,6.592319e-05,823296,696.3173630237579,3293184,88.76647
0.0010095763,0.008850098,200.0,200.0,0.0012973546981811523,4786,403,0.3198794,-0.00029628188,825344,698.0294117927551,3301376,88.408226
0.00012673641,0.0,200.0,200.0,0.011121690273284912,4806,404,0.32225865,-1.0744887e-05,827392,699.7342779636383,3309568,87.67279
0.00045161546,0.0005493164,200.0,200.0,0.006587684154510498,4809,405,0.31859264,-0.00016477458,829440,701.4379739761353,3317760,87.25289
0.00015786423,0.00024414062,200.0,200.0,0.01724874973297119,4813,406,0.3206035,-0.00023178694,831488,703.1403861045837,3325952,86.64904
3.7301354e-05,0.0,200.0,200.0,0.009372889995574951,4820,407,0.32271364,-3.416271e-05,833536,704.8401920795441,3334144,87.39165
0.00066544034,0.0033874512,200.0,200.0,0.01141655445098877,4814,408,0.31563812,-0.0005310209,835584,706.5423028469086,3342336,86.95609
0.0016030716,0.01550293,200.0,200.0,0.010353684425354004,4821,409,0.31783664,-0.000609312,837632,708.2418220043182,3350528,87.744316
0.00039619557,0.0020751953,200.0,200.0,0.016967415809631348,4806,410,0.31377596,-0.0005782914,839680,709.9467170238495,3358720,87.68134
4.9218183e-05,0.0,200.0,200.0,0.016008973121643066,4820,411,0.3005983,2.8887458e-05,841728,711.6467299461365,3366912,88.03031
3.658935e-05,0.0,200.0,200.0,0.0025096535682678223,4823,412,0.30185443,-1.9319676e-05,843776,713.3455967903137,3375104,86.83373
0.0011472134,0.011413574,200.0,200.0,0.012236595153808594,4800,413,0.30974787,-0.000523546,845824,715.0524117946625,3383296,88.73465
0.000258389,3.0517578e-05,200.0,200.0,0.024148404598236084,4737,414,0.31034982,-0.00035773023,847872,716.7821278572083,3391488,87.102036
0.0006676939,0.0056152344,200.0,200.0,0.014875411987304688,4813,415,0.31229454,-0.00044481253,849920,718.4846580028534,3399680,87.76398
0.001920442,0.021240234,200.0,200.0,0.016665756702423096,4817,416,0.31294236,-0.00071589433,851968,720.1854648590088,3407872,85.37079
0.000101942926,0.0,200.0,200.0,0.035676002502441406,4800,417,0.31189722,0.00020942157,854016,721.892324924469,3416064,86.882744
1.51994955e-05,0.0,200.0,200.0,0.032337069511413574,4826,418,0.3126116,3.267946e-05,856064,723.5899589061737,3424256,85.75968
0.0009208805,0.0059814453,200.0,200.0,0.04107069969177246,4820,419,0.31012365,-0.0013249873,858112,725.2899577617645,3432448,85.181496
0.00060043077,0.0015869141,200.0,200.0,0.02406996488571167,4835,420,0.31301984,-9.663304e-05,860160,726.9847259521484,3440640,85.122
0.0001914275,0.0,200.0,200.0,0.019725680351257324,4812,421,0.31377834,-0.00025647,862208,728.6873819828033,3448832,89.45793
0.0011279829,0.00881958,200.0,200.0,0.02165299654006958,4807,422,0.3110842,-0.00055270165,864256,730.3918778896332,3457024,86.0348
0.0009920195,0.0049438477,200.0,200.0,0.014679908752441406,4809,423,0.3127021,-0.0005889888,866304,732.0957980155945,3465216,88.16682
5.6464385e-05,0.0,200.0,200.0,0.004564166069030762,4814,424,0.3136293,-8.1221166e-05,868352,733.7978219985962,3473408,89.015526
0.00019464146,0.00048828125,200.0,200.0,0.0028799772262573242,4839,425,0.3112078,-0.00013006972,870400,735.4911780357361,3481600,89.81581
0.00045427697,0.000579834,200.0,200.0,0.0039525628089904785,4873,426,0.30179754,-0.000468212,872448,737.172474861145,3489792,88.85193
0.0020339892,0.025604248,200.0,200.0,-0.00011181831359863281,4828,427,0.3079576,-0.0010502872,874496,738.8694729804993,3497984,89.90197
5.680154e-05,0.0,200.0,200.0,-0.0006467103958129883,4810,428,0.3123482,-3.9909646e-06,876544,740.572851896286,3506176,88.72318
0.0007605373,0.0035705566,200.0,200.0,0.006676375865936279,4812,429,0.31491205,-9.69909e-05,878592,742.2755210399628,3514368,88.35797
0.0004642091,6.1035156e-05,200.0,200.0,0.020060181617736816,4799,430,0.31342208,-0.000113699905,880640,743.9826900959015,3522560,86.518745
0.0013515388,0.01171875,200.0,200.0,0.0158957839012146,4796,431,0.31642583,-0.0008571613,882688,745.6910579204559,3530752,86.11929
0.00019704847,0.00064086914,200.0,200.0,0.04920315742492676,4812,432,0.3183023,-0.00033130625,884736,747.3939089775085,3538944,83.54935
0.00023021965,0.0,200.0,200.0,0.03944605588912964,4776,433,0.3216224,-0.00029803277,886784,749.109591960907,3547136,84.03882
0.00023487772,0.0,200.0,200.0,0.056935250759124756,4822,434,0.31458715,0.00012957312,888832,750.8086640834808,3555328,83.79621
0.00023354913,0.0,200.0,200.0,0.0389823317527771,4819,435,0.31119275,-0.00011907413,890880,752.5090517997742,3563520,85.04995
0.00012717563,0.0,200.0,200.0,0.03435242176055908,4815,436,0.31577852,3.0612846e-05,892928,754.2108080387115,3571712,85.81164
4.5378798e-05,0.0,200.0,200.0,0.04377847909927368,4805,437,0.31541237,-0.00011141028,894976,755.9160399436951,3579904,84.03467
2.5447956e-05,0.0,200.0,200.0,0.035767555236816406,4821,438,0.3109949,2.2435699e-05,897024,757.6156799793243,3588096,86.55974
7.513886e-05,0.0,200.0,200.0,0.02838575839996338,4356,439,0.3106895,-0.00010174484,899072,759.4966421127319,3596288,86.63669
0.00030533355,0.0,200.0,200.0,0.04038351774215698,4764,440,0.3172236,-0.00014920895,901120,761.2169499397278,3604480,85.13809
0.00017963012,0.0011901855,200.0,200.0,0.04257780313491821,4820,441,0.32053217,-0.00029186127,903168,762.9168748855591,3612672,82.8358
0.00056162244,0.0032653809,200.0,200.0,0.046716928482055664,4818,442,0.33402595,-0.0003861678,905216,764.6175398826599,3620864,85.44411
0.0005624089,0.0033569336,200.0,200.0,0.028333306312561035,4816,443,0.33009624,-0.0005733009,907264,766.3188619613647,3629056,86.49576
0.00021261879,0.0,200.0,200.0,0.0539698600769043,4820,444,0.32141516,-0.0002449876,909312,768.018670797348,3637248,86.519615
1.543315e-05,0.0,200.0,200.0,0.035854876041412354,4823,445,0.31963342,-7.410823e-05,911360,769.717344045639,3645440,85.77614
0.00012375857,0.0004272461,200.0,200.0,0.018936514854431152,4815,446,0.32223156,-4.103055e-05,913408,771.4190950393677,3653632,89.91829
0.0002481307,9.1552734e-05,200.0,200.0,0.03197741508483887,4819,447,0.32863307,-0.00018259158,915456,773.119390964508,3661824,85.69935
0.0008070704,0.0031738281,200.0,200.0,0.003545105457305908,4808,448,0.33037594,-0.000447025,917504,774.8234889507294,3670016,89.431076
0.0010031835,0.006591797,200.0,200.0,-0.005450844764709473,4751,449,0.3240413,-0.0006866755,919552,776.5480599403381,3678208,90.79757
0.0004367128,0.0020751953,200.0,200.0,-0.039021968841552734,4805,450,0.3113072,-0.0006264044,921600,778.2531578540802,3686400,93.93496
3.5771896e-05,0.0,200.0,200.0,0.011197566986083984,4775,451,0.30703583,1.3173427e-05,923648,779.969007730484,3694592,90.21553
0.00046274695,0.0024414062,200.0,200.0,0.013158738613128662,4778,452,0.31311464,-0.00026451465,925696,781.6837959289551,3702784,90.51978
8.582481e-05,0.0,200.0,200.0,-0.015166044235229492,4696,453,0.31186497,-8.184627e-05,927744,783.4284448623657,3710976,92.07207
0.00023485118,0.00030517578,200.0,200.0,-0.017849087715148926,4825,454,0.3029591,-0.00014853655,929792,785.1264979839325,3719168,92.59813
1.6390673e-05,0.0,200.0,200.0,-0.014511704444885254,4745,455,0.29880548,8.059491e-06,931840,786.8533120155334,3727360,92.39486
0.0009116238,0.005218506,200.0,200.0,-0.000985264778137207,4832,456,0.30093634,-0.00066097686,933888,788.5490169525146,3735552,91.84192
0.0008478574,0.00579834,200.0,200.0,-0.0008897781372070312,4790,457,0.297811,-0.0006004004,935936,790.2595028877258,3743744,90.31827
0.0005174869,0.003326416,200.0,200.0,0.0026447176933288574,4818,458,0.284776,-0.00012304448,937984,791.9600849151611,3751936,89.22124
0.00018496747,0.0,200.0,200.0,0.015984177589416504,4821,459,0.28539458,-0.0001271514,940032,793.6595559120178,3760128,87.49772
0.00036780714,6.1035156e-05,200.0,200.0,0.01887798309326172,4839,460,0.28717807,-0.0001908455,942080,795.3529369831085,3768320,87.704636
0.00012239213,0.0,200.0,200.0,-0.00018548965454101562,4832,461,0.2848083,9.92266e-07,944128,797.0484337806702,3776512,89.47291
0.00020928937,0.00045776367,200.0,200.0,-0.01272892951965332,4830,462,0.2809517,-0.00014712784,946176,798.7446568012238,3784704,87.96724
0.0002937946,0.00076293945,200.0,200.0,0.011962950229644775,4806,463,0.2682178,-0.00020638606,948224,800.4493539333344,3792896,88.91416
3.2346088e-05,0.0,200.0,200.0,0.01199042797088623,4811,464,0.26831195,-4.9538925e-05,950272,802.1524097919464,3801088,88.0137
1.2001288e-05,0.0,200.0,200.0,0.006114065647125244,4793,465,0.26353243,-9.8537275e-06,952320,803.8619558811188,3809280,88.440834
0.0011996211,0.012939453,200.0,200.0,0.004616796970367432,4829,466,0.2703229,-0.00050760625,954368,805.5587139129639,3817472,86.5566
3.9311566e-05,0.0,200.0,200.0,-0.0015649795532226562,4795,467,0.2697871,-6.198321e-05,956416,807.2674169540405,3825664,91.44551
2.164246e-05,0.0,200.0,200.0,0.0002910494804382324,4767,468,0.27174002,1.2891833e-06,958464,808.9860649108887,3833856,89.630554
0.001419791,0.01727295,200.0,200.0,-0.0005496740341186523,4808,469,0.27173272,-0.0010476095,960512,810.6901199817657,3842048,89.552124
0.0010609028,0.010467529,200.0,200.0,-0.012026786804199219,4809,470,0.26721528,-0.00070489175,962560,812.393944978714,3850240,89.165695
0.00026663087,0.0010070801,200.0,200.0,-0.005014300346374512,4823,471,0.2682836,-0.00031836395,964608,814.092777967453,3858432,91.278725
0.00032628665,3.0517578e-05,200.0,200.0,0.009815752506256104,4819,472,0.25760752,-2.5387824e-05,966656,815.793182849884,3866624,86.114586
0.00015539717,0.000579834,200.0,200.0,0.01569211483001709,4808,473,0.26623082,5.6199016e-05,968704,817.497466802597,3874816,87.16887
5.532907e-05,0.0,200.0,200.0,0.025655269622802734,4831,474,0.26890817,-8.0298465e-05,970752,819.1934959888458,3883008,86.46177
0.0006413306,0.0027770996,200.0,200.0,0.02163088321685791,4797,475,0.26401046,-0.00040697592,972800,820.9016058444977,3891200,88.069534
0.00027680502,0.0005187988,200.0,200.0,0.003686189651489258,4837,476,0.2648671,-3.3658594e-05,974848,822.5954828262329,3899392,89.18854
0.0004224844,0.0043945312,200.0,200.0,-0.005267024040222168,4798,477,0.2714218,-0.00047658492,976896,824.3031809329987,3907584,90.76649
0.000626732,0.005432129,200.0,200.0,-0.006324887275695801,4832,478,0.28176862,-0.00033533733,978944,825.9989140033722,3915776,90.655205
0.00072783814,0.0036621094,200.0,200.0,0.0040490031242370605,4807,479,0.2878742,-0.0005131711,980992,827.7033169269562,3923968,89.63763
0.0016424614,0.015075684,200.0,200.0,-0.006098508834838867,4772,480,0.28144985,-0.00060177187,983040,829.4204249382019,3932160,90.509995
0.0012749813,0.012878418,200.0,200.0,-0.012439846992492676,4816,481,0.27099457,-0.0007979165,985088,831.1216540336609,3940352,90.94732
6.257375e-05,3.0517578e-05,200.0,200.0,-0.007027268409729004,4806,482,0.27496588,-2.4549161e-05,987136,832.8266088962555,3948544,90.05739
0.0015310943,0.016540527,200.0,200.0,-0.0026961565017700195,4819,483,0.27578223,-0.0006596036,989184,834.5267839431763,3956736,89.8548
0.0009334268,0.0059814453,200.0,200.0,-0.006125450134277344,4811,484,0.2682537,-0.00029603642,991232,836.2298808097839,3964928,90.193405
0.0015536421,0.018432617,200.0,200.0,-0.0029910802841186523,4811,485,0.27121145,-0.0007946209,993280,837.9350500106812,3973120,89.61711
0.00022935096,0.00039672852,200.0,200.0,-0.008820652961730957,4806,486,0.25774226,2.4422596e-05,995328,839.6400587558746,3981312,89.67901
0.0004165987,0.0024719238,200.0,200.0,0.015505492687225342,4818,487,0.25976315,-0.00034022104,997376,841.3406720161438,3989504,86.41829
0.00045077878,0.00024414062,200.0,200.0,0.005442380905151367,4846,488,0.26198837,2.0202948e-05,999424,843.0314989089966,3997696,89.34081
0.00024156357,0.0005187988,200.0,200.0,0.004857778549194336,4827,489,0.2615779,-0.00013996917,1001472,844.7287690639496,4005888,89.04979
0.00046942578,0.0008239746,200.0,200.0,0.0007733702659606934,4821,490,0.25655934,-0.00017231399,1003520,846.4283347129822,4014080,89.36293
4.2199288e-05,0.0,200.0,200.0,-0.0019937753677368164,4833,491,0.25943264,-7.141274e-05,1005568,848.1235320568085,4022272,87.837364
0.00020554278,9.1552734e-05,200.0,200.0,0.0053427815437316895,4819,492,0.24946126,0.00010830736,1007616,849.823707818985,4030464,90.63356
0.00047683902,0.0044555664,200.0,200.0,0.0038757920265197754,4813,493,0.26419452,-0.00027826952,1009664,851.5260009765625,4038656,88.9298
0.0005143881,0.0026550293,200.0,200.0,-0.006875276565551758,4842,494,0.266869,-0.00030729006,1011712,853.2181680202484,4046848,89.52464
0.00019672113,0.00012207031,200.0,200.0,0.00039267539978027344,4821,495,0.27244157,-4.195138e-05,1013760,854.9178469181061,4055040,87.18755
0.00014847962,6.1035156e-05,200.0,200.0,0.00362473726272583,4801,496,0.2685351,-8.55549e-05,1015808,856.6243708133698,4063232,90.79084
0.00027576173,0.00076293945,200.0,200.0,0.00025641918182373047,4799,497,0.26716906,-0.00020520994,1017856,858.3317067623138,4071424,87.06665
7.360587e-05,0.0,200.0,200.0,0.013873755931854248,4817,498,0.26675192,8.0194644e-05,1019904,860.0326988697052,4079616,87.60961
0.0010405505,0.0065612793,200.0,200.0,0.016878902912139893,4820,499,0.26055568,-0.00028020144,1021952,861.7326469421387,4087808,86.943405
0.00023386866,0.0,200.0,200.0,0.01009911298751831,4811,500,0.25985992,-0.00017331548,1024000,863.4357159137726,4096000,88.795906
0.0011051971,0.009887695,200.0,200.0,0.0015693902969360352,4840,501,0.2614552,-0.00036865572,1026048,865.1348428726196,4104192,88.781815
0.00063081883,0.005065918,200.0,200.0,0.007793009281158447,4753,502,0.24988973,-0.00056583283,1028096,866.8585300445557,4112384,88.72173
0.00022427778,0.0,200.0,200.0,0.029277145862579346,4815,503,0.24146189,-2.0301857e-05,1030144,868.5601620674133,4120576,87.19698
5.9398564e-05,0.0,200.0,200.0,0.018637895584106445,4775,504,0.24663532,-6.681046e-06,1032192,870.2760179042816,4128768,88.39238
3.9188722e-05,0.0,200.0,200.0,0.016810238361358643,4818,505,0.24610558,-9.565181e-05,1034240,871.976557970047,4136960,88.57124
0.0026144683,0.041931152,200.0,200.0,0.010696172714233398,4820,506,0.2508495,-0.0009506664,1036288,873.6763298511505,4145152,88.9927
0.0009907903,0.012420654,200.0,200.0,0.0017641186714172363,4789,507,0.2549765,-0.0006968089,1038336,875.3871748447418,4153344,89.33528
0.00026947996,0.0002746582,200.0,200.0,0.00027674436569213867,4788,508,0.26515836,-6.583089e-05,1040384,877.0985028743744,4161536,89.37978
0.00033561012,0.00091552734,200.0,200.0,0.009330272674560547,4820,509,0.26721,-0.0003979999,1042432,878.7983968257904,4169728,88.42074
0.00065541617,0.001373291,200.0,200.0,0.0159834623336792,4814,510,0.25634044,0.00023237261,1044480,880.5003910064697,4177920,87.89657
7.802952e-05,0.0,200.0,200.0,0.01831662654876709,4819,511,0.25191405,3.794208e-05,1046528,882.2004518508911,4186112,88.056816
5.5238747e-06,0.0,200.0,200.0,0.013666689395904541,4811,512,0.24824347,-1.5411017e-05,1048576,883.9034581184387,4194304,86.414116
6.299665e-05,0.0,200.0,200.0,0.03905284404754639,4814,513,0.2528699,-0.00015718481,1050624,885.6056308746338,4202496,87.13231
5.2299383e-05,0.0,200.0,200.0,0.01824331283569336,4835,514,0.2497026,-1.3839468e-05,1052672,887.3000829219818,4210688,88.35545
1.0952011e-05,0.0,200.0,200.0,0.019803106784820557,4820,515,0.25342864,-2.463907e-05,1054720,888.9999668598175,4218880,88.093414
3.0973533e-05,0.0,200.0,200.0,0.012860298156738281,4834,516,0.24811079,1.2178098e-05,1056768,890.6947979927063,4227072,86.701096
7.5444295e-05,3.0517578e-05,200.0,200.0,0.03098350763320923,4830,517,0.25557917,-0.00014554523,1058816,892.3911159038544,4235264,88.64757
0.00014578752,0.0005187988,200.0,200.0,0.04664123058319092,4834,518,0.24995412,-0.00038749125,1060864,894.0860328674316,4243456,86.35172
0.000926579,0.008483887,200.0,200.0,0.03369331359863281,4824,519,0.25964436,-0.00064658734,1062912,895.7843310832977,4251648,87.84955
0.000101841804,0.0,200.0,200.0,0.03320401906967163,4806,520,0.25771862,-0.00015377821,1064960,897.4889898300171,4259840,86.21753
3.241082e-05,0.0,200.0,200.0,0.022012710571289062,4807,521,0.26281026,-2.4531764e-06,1067008,899.1935269832611,4268032,90.58168
6.329803e-05,0.0,200.0,200.0,0.024751007556915283,4827,522,0.26841643,-1.650196e-05,1069056,900.8909378051758,4276224,86.86114
8.759802e-05,3.0517578e-05,200.0,200.0,0.03811776638031006,4823,523,0.26523244,-0.00017471549,1071104,902.5898659229279,4284416,87.206245
0.00012516396,6.1035156e-05,200.0,200.0,0.021803319454193115,4823,524,0.27273986,-0.00022125203,1073152,904.2886908054352,4292608,87.81403
0.000121329416,0.0,200.0,200.0,0.03213757276535034,4820,525,0.26240313,-0.00018088325,1075200,905.988499879837,4300800,87.55672
9.3577386e-05,0.0,200.0,200.0,0.04956185817718506,4856,526,0.25391087,-0.00010664285,1077248,907.6759407520294,4308992,86.16231
0.00024490512,0.00018310547,200.0,200.0,0.04753965139389038,4811,527,0.25402406,-0.0002228093,1079296,909.3790159225464,4317184,86.940765
0.0008040383,0.0046081543,200.0,200.0,0.04938441514968872,4823,528,0.25239217,-0.00025283432,1081344,911.0778827667236,4325376,86.46313
2.0609163e-05,0.0,200.0,200.0,0.07319825887680054,4814,529,0.2540315,4.344568e-05,1083392,912.7798631191254,4333568,84.32065
6.1979226e-05,0.0,200.0,200.0,0.0981869101524353,4842,530,0.2513073,-0.00018482175,1085440,914.4719181060791,4341760,82.42343
0.0002787066,0.0,200.0,200.0,0.07122939825057983,4826,531,0.25757822,-0.00032909506,1087488,916.1696257591248,4349952,84.31506
0.00011175677,0.0,200.0,200.0,0.05767655372619629,4809,532,0.25792786,-1.3103825e-05,1089536,917.8735349178314,4358144,86.00602
7.987644e-05,0.0,200.0,200.0,0.06482785940170288,4807,533,0.25912642,-0.00014383534,1091584,919.5778999328613,4366336,86.265045
0.000119054166,0.0,200.0,200.0,0.05967283248901367,4818,534,0.25956023,-0.000137231,1093632,921.2783479690552,4374528,86.68248
0.0002434844,0.0,200.0,200.0,0.05280548334121704,4819,535,0.2586565,-0.00020655012,1095680,922.9784257411957,4382720,87.603516
0.00027967116,0.0,200.0,200.0,0.047575175762176514,4822,536,0.25915858,-0.00027302146,1097728,924.6776587963104,4390912,88.801605
0.00013962142,0.0,200.0,200.0,0.05229640007019043,4796,537,0.2565429,-0.00013657579,1099776,926.3861758708954,4399104,86.71983
0.00024040711,0.0,200.0,200.0,0.03774380683898926,4823,538,0.26047722,-0.00040619093,1101824,928.0894410610199,4407296,90.41355
0.00050328614,0.001373291,200.0,200.0,0.02840709686279297,4770,539,0.2617035,-0.00050492445,1103872,929.8070840835571,4415488,91.22832
9.893863e-05,0.0,200.0,200.0,0.03969603776931763,4799,540,0.26507878,1.2745557e-05,1105920,931.5143790245056,4423680,90.28764
0.0004708523,0.0020141602,200.0,200.0,0.005567014217376709,4825,541,0.25828612,-0.00047085987,1107968,933.2123599052429,4431872,90.38258
2.824377e-05,0.0,200.0,200.0,0.03385794162750244,4817,542,0.25651774,8.964488e-05,1110016,934.9131510257721,4440064,91.40294
2.0384983e-05,0.0,200.0,200.0,0.019309818744659424,4820,543,0.26299325,-2.5337533e-05,1112064,936.6131358146667,4448256,90.32921
0.00023437878,0.00061035156,200.0,200.0,0.026807308197021484,4823,544,0.26391372,-0.00031037582,1114112,938.3118877410889,4456448,89.96702
0.0009931555,0.008178711,200.0,200.0,0.023804843425750732,4836,545,0.26786467,-0.0010040698,1116160,940.0062730312347,4464640,88.6826
4.06694e-05,0.0,200.0,200.0,0.011172294616699219,4814,546,0.26430923,6.475942e-05,1118208,941.7082808017731,4472832,93.64755
0.00022141008,0.0,200.0,200.0,0.016947627067565918,4821,547,0.26531258,-0.00031281487,1120256,943.4077389240265,4481024,89.64203
0.0006346672,0.002319336,200.0,200.0,0.014944911003112793,4817,548,0.26415285,-0.00027869022,1122304,945.1086828708649,4489216,91.52811
0.0005263189,0.0,200.0,200.0,-0.010987401008605957,4828,549,0.26484826,-0.0003073253,1124352,946.8058848381042,4497408,93.08934
0.00093213737,0.0047302246,200.0,200.0,-0.005899667739868164,4823,550,0.26580602,-1.1707023e-05,1126400,948.504656791687,4505600,92.617195
1.0652163e-05,0.0,200.0,200.0,0.0011096000671386719,4826,551,0.2675076,-4.5662746e-06,1128448,950.2023229598999,4513792,90.01503
5.9260405e-05,0.0,200.0,200.0,-0.00685882568359375,4820,552,0.2550183,-7.610934e-05,1130496,951.9022779464722,4521984,90.93507
0.00032768614,0.0006713867,200.0,200.0,0.00870293378829956,4821,553,0.25832263,-0.00020134196,1132544,953.6019730567932,4530176,89.944305
0.00074586825,0.001953125,200.0,200.0,0.009069859981536865,4819,554,0.25538972,-0.0004302078,1134592,955.3021609783173,4538368,90.22702
0.00055080384,0.002166748,200.0,200.0,-0.006385684013366699,4778,555,0.25315696,-0.00027957128,1136640,957.0169548988342,4546560,91.69342
0.00020188012,0.0,200.0,200.0,-0.005043983459472656,4824,556,0.25621954,-0.00011562045,1138688,958.7156097888947,4554752,92.114815
6.009086e-05,0.0,200.0,200.0,-0.018728256225585938,4837,557,0.25310445,-3.5371224e-05,1140736,960.4095129966736,4562944,92.79443
0.00109608,0.008666992,200.0,200.0,-0.008360981941223145,4833,558,0.25010657,-0.0005579997,1142784,962.1049189567566,4571136,92.011566
9.85725e-05,0.0,200.0,200.0,-0.0055533647537231445,4823,559,0.24200276,1.24621e-05,1144832,963.803876876831,4579328,90.33958
0.0011318144,0.011199951,200.0,200.0,-0.009013891220092773,4838,560,0.23798381,-0.00018883181,1146880,965.4975790977478,4587520,90.88905
0.0011995434,0.0058288574,200.0,200.0,-0.0014950037002563477,4832,561,0.23602359,0.000106452455,1148928,967.1933157444,4595712,90.43867
0.00087002286,0.008148193,200.0,200.0,-0.008283734321594238,4847,562,0.23973899,-0.00022380592,1150976,968.8835980892181,4603904,88.200356
7.895859e-05,0.0,200.0,200.0,-0.010024070739746094,4796,563,0.23457037,-0.0001052625,1153024,970.5919029712677,4612096,91.27621
0.0009798767,0.0050354004,200.0,200.0,-0.0057135820388793945,4824,564,0.23400596,-0.00042646867,1155072,972.290296792984,4620288,90.37242
0.0007113901,0.003112793,200.0,200.0,-0.016816377639770508,4842,565,0.23002952,-0.0004315091,1157120,973.9825370311737,4628480,90.815765
0.0009867398,0.008056641,200.0,200.0,-0.008887290954589844,4821,566,0.22389805,-0.00041047033,1159168,975.6820290088654,4636672,88.24553
0.001370207,0.014801025,200.0,200.0,-0.004979610443115234,4812,567,0.22250855,-0.0002875515,1161216,977.3848628997803,4644864,91.30651
0.00017227938,0.00039672852,200.0,200.0,-0.0029810667037963867,4812,568,0.22029898,-0.00026336533,1163264,979.0874538421631,4653056,89.68779
0.00016173215,0.00045776367,200.0,200.0,-0.007375359535217285,4729,569,0.20330183,-0.0001985592,1165312,980.8200409412384,4661248,89.65633
0.00032511406,0.0008544922,200.0,200.0,-0.00419306755065918,4612,570,0.21707919,-0.00023544767,1167360,982.5967280864716,4669440,87.70082
0.0012752685,0.011932373,200.0,200.0,-0.011494040489196777,4822,571,0.21003385,-0.00027719146,1169408,984.2959728240967,4677632,91.63802
9.150445e-05,0.00012207031,200.0,200.0,-0.0061844587326049805,4810,572,0.22386508,-8.2902334e-05,1171456,985.999440908432,4685824,87.822815
0.0011266945,0.0063476562,200.0,200.0,-0.00836181640625,4774,573,0.22838506,-0.00029863106,1173504,987.7156958580017,4694016,89.34829
0.00037104316,0.00061035156,200.0,200.0,-0.005903959274291992,4795,574,0.22677073,-0.00013453639,1175552,989.4243178367615,4702208,88.755264
0.0012151855,0.010498047,200.0,200.0,-0.003928184509277344,4817,575,0.21157575,-0.0002905606,1177600,991.1253478527069,4710400,89.44467
0.00079089846,0.0069885254,200.0,200.0,-0.001170039176940918,4779,576,0.21110752,-0.00017912609,1179648,992.8398110866547,4718592,88.57949
0.00068878935,0.005645752,200.0,200.0,-0.0015780925750732422,4809,577,0.2139371,-0.00017939915,1181696,994.5435600280762,4726784,89.13724
0.00016640892,0.000579834,200.0,200.0,-0.002772808074951172,4813,578,0.2079712,-0.00036812824,1183744,996.2458617687225,4734976,89.17215
0.00133171,0.01449585,200.0,200.0,-0.0002619028091430664,4834,579,0.20749822,-0.00034772677,1185792,997.9407699108124,4743168,89.32196
5.8951027e-05,0.0,200.0,200.0,0.0010086894035339355,4810,580,0.19831018,5.382528e-05,1187840,999.6443121433258,4751360,88.91013
0.0010566002,0.007232666,200.0,200.0,-0.00029528141021728516,4819,581,0.20550728,-0.00025773412,1189888,1001.344486951828,4759552,89.07002
0.00030912313,0.0015869141,200.0,200.0,-0.000803828239440918,4831,582,0.1985003,-0.00020390621,1191936,1003.0405478477478,4767744,89.085335
0.00039272313,0.0009765625,200.0,200.0,-9.298324584960938e-05,4806,583,0.2063106,-4.641572e-05,1193984,1004.745304107666,4775936,88.845474
0.00076704554,0.0057373047,200.0,200.0,-0.00033402442932128906,4842,584,0.18981701,-6.384759e-05,1196032,1006.437481880188,4784128,88.68842
0.00018578503,0.00015258789,200.0,200.0,-3.170967102050781e-05,4841,585,0.19265915,-1.706183e-06,1198080,1008.1299829483032,4792320,88.561035
0.0002040119,0.0015258789,200.0,200.0,0.0003809332847595215,4844,586,0.18457788,-0.000104174105,1200128,1009.8215658664703,4800512,88.53331
0.0011894029,0.012878418,200.0,200.0,-0.0001817941665649414,4840,587,0.1933285,-0.00039016426,1202176,1011.5145280361176,4808704,86.67006
0.0004699028,0.0025024414,200.0,200.0,-0.0002804994583129883,4826,588,0.19407788,-0.00012012411,1204224,1013.2122139930725,4816896,89.25016
0.0010556028,0.0077819824,200.0,200.0,0.00045555830001831055,4847,589,0.19801252,-0.00017816975,1206272,1014.9025468826294,4825088,88.54844
0.0012175437,0.015014648,200.0,200.0,-1.1205673217773438e-05,4817,590,0.18217042,-0.0004262686,1208320,1016.6035199165344,4833280,88.39924
0.00047267223,0.0032348633,200.0,200.0,0.0010076165199279785,4827,591,0.1881332,-0.00027429272,1210368,1018.3010249137878,4841472,86.466385
0.00018323719,9.1552734e-05,200.0,200.0,0.0012663602828979492,4826,592,0.20107761,-0.0002271757,1212416,1019.9988689422607,4849664,90.017136
0.0011482902,0.008666992,200.0,200.0,0.0025718212127685547,4829,593,0.18960778,-0.00018951055,1214464,1021.6955699920654,4857856,88.52684
0.0012201181,0.011413574,200.0,200.0,0.002210378646850586,4823,594,0.19018874,-0.00072743435,1216512,1023.3944749832153,4866048,88.712425
5.4276414e-05,0.0,200.0,200.0,0.00198209285736084,4805,595,0.19116424,2.5444504e-05,1218560,1025.0996038913727,4874240,86.85066
5.823974e-05,3.0517578e-05,200.0,200.0,0.0035480260848999023,4818,596,0.18566933,-2.4453759e-05,1220608,1026.8002638816833,4882432,90.54466
0.00055493833,0.0032348633,200.0,200.0,0.003705441951751709,4850,597,0.19304451,-0.00018019586,1222656,1028.4896249771118,4890624,86.59982
0.00083577866,0.0068969727,200.0,200.0,0.00680166482925415,4826,598,0.18893358,-0.00045949512,1224704,1030.1874768733978,4898816,87.712975
0.0005685771,0.0029296875,200.0,200.0,0.003298342227935791,4816,599,0.17903213,-0.0003039055,1226752,1031.8886849880219,4907008,87.842514
0.00055197557,0.0013122559,200.0,200.0,0.002371668815612793,4820,600,0.18094544,-6.535254e-05,1228800,1033.5886499881744,4915200,88.941696
0.0001666857,0.00039672852,200.0,200.0,0.003509819507598877,4831,601,0.19050515,-0.00011738963,1230848,1035.2906160354614,4923392,88.24873
0.00027613208,0.0016784668,200.0,200.0,0.0022932887077331543,4827,602,0.16418588,-1.0831471e-05,1232896,1036.9880628585815,4931584,88.94574
0.00032996078,0.00039672852,200.0,200.0,0.005738317966461182,4831,603,0.17525598,7.3530915e-05,1234944,1038.6841928958893,4939776,88.07618
0.00018218969,0.0,200.0,200.0,0.00843203067779541,4834,604,0.18520726,-6.691294e-05,1236992,1040.3792808055878,4947968,87.98979
6.37636e-05,0.0,200.0,200.0,0.004854261875152588,4837,605,0.1786337,5.919111e-05,1239040,1042.0732300281525,4956160,88.2704
0.0013781164,0.016082764,200.0,200.0,0.007059931755065918,4826,606,0.18511711,-0.000896815,1241088,1043.7710678577423,4964352,88.17229
0.00015027876,0.00064086914,200.0,200.0,0.0038954615592956543,4830,607,0.16994594,-6.838799e-05,1243136,1045.4675347805023,4972544,88.115074
0.000541355,0.0027160645,200.0,200.0,0.009076476097106934,4812,608,0.16809642,-0.0001214981,1245184,1047.1701619625092,4980736,87.5729
1.9935722e-05,0.0,200.0,200.0,0.012640237808227539,4789,609,0.17689985,-1.4335848e-05,1247232,1048.8811740875244,4988928,86.98432
0.00038801166,0.0025939941,200.0,200.0,0.017548739910125732,4819,610,0.17742169,-0.00020664066,1249280,1050.5815298557281,4997120,86.69512
0.0003451974,0.0002746582,200.0,200.0,0.029121577739715576,4832,611,0.1867981,7.930819e-05,1251328,1052.2770581245422,5005312,86.224884
0.00085687573,0.009307861,200.0,200.0,0.032419562339782715,4833,612,0.19005927,-0.00089831103,1253376,1053.9725420475006,5013504,83.73567
0.0005811816,0.0015869141,199.62,199.62,0.050061821937561035,4828,613,0.17679764,-0.00034331455,1255424,1055.6695737838745,5021696,85.09823
0.0001269154,0.0,199.36,199.36,0.06811660528182983,4851,614,0.18218209,-0.00012752644,1257472,1057.3585028648376,5029888,82.96202
9.7599535e-05,0.0,198.07,198.07,0.09119188785552979,4893,615,0.16715036,0.00022310062,1259520,1059.0329699516296,5038080,84.956856
0.00018344478,0.00033569336,195.61,195.61,0.09302741289138794,4866,616,0.17829761,-0.00029898807,1261568,1060.7169029712677,5046272,84.18546
0.00032382298,0.0009460449,196.21,196.21,0.10510563850402832,4859,617,0.17758507,-0.00013060085,1263616,1062.4031801223755,5054464,80.12121
1.543099e-05,0.0,196.84,196.84,0.09656316041946411,4854,618,0.17723691,1.9144783e-05,1265664,1064.0910739898682,5062656,84.74115
6.8429827e-06,0.0,196.87,196.87,0.09247481822967529,4842,619,0.17747407,-1.7149403e-05,1267712,1065.7832157611847,5070848,82.86334
1.6643542e-05,0.0,197.03,197.03,0.11214107275009155,4832,620,0.17015857,8.290197e-06,1269760,1067.4789879322052,5079040,79.08492
5.1905183e-05,0.0,197.69,197.69,0.10698896646499634,4776,621,0.17377084,-2.6916277e-05,1271808,1069.1945300102234,5087232,84.670685
5.194496e-05,0.0,194.06,194.06,0.14243149757385254,4826,622,0.17429216,-0.00014750016,1273856,1070.8924589157104,5095424,81.47934
0.00018797889,0.00015258789,195.44,195.44,0.14537501335144043,4821,623,0.17302977,-0.00038037315,1275904,1072.592129945755,5103616,82.26479
0.00018734323,0.0,196.06,196.06,0.17912161350250244,4811,624,0.17436233,3.42196e-05,1277952,1074.2953400611877,5111808,78.45862
2.6047958e-06,0.0,195.97,195.97,0.17956507205963135,4815,625,0.17774534,3.0774536e-06,1280000,1075.9968628883362,5120000,77.556305
0.0006569937,0.006866455,194.02,194.02,0.17704075574874878,4780,626,0.17306642,-0.0009590698,1282048,1077.7109549045563,5128192,80.65856
2.6714555e-05,0.0,196.0,196.0,0.16165554523468018,4793,627,0.17779309,1.7745886e-05,1284096,1079.420382976532,5136384,79.21927
9.2890605e-06,0.0,198.59,198.59,0.16933465003967285,4819,628,0.17774664,-3.237209e-05,1286144,1081.120749950409,5144576,77.21831
3.146918e-05,0.0,199.25,199.25,0.17368221282958984,4743,629,0.18934712,-1.9482773e-05,1288192,1082.8483049869537,5152768,78.61434
3.1107488e-06,0.0,198.54,198.54,0.1745733618736267,4422,630,0.17095637,-2.054812e-05,1290240,1084.701209783554,5160960,81.53965
1.6874032e-05,0.0,198.1,198.1,0.1912698745727539,4677,631,0.1752959,-0.000104444895,1292288,1086.4530627727509,5169152,77.77418
6.622705e-06,0.0,197.58,197.58,0.239143967628479,4634,632,0.17133318,-2.6851325e-05,1294336,1088.2210278511047,5177344,77.46542
6.492044e-06,0.0,197.67,197.67,0.23265886306762695,4679,633,0.17897414,-8.133451e-06,1296384,1089.9723138809204,5185536,73.74658
1.0062631e-05,0.0,199.65,199.65,0.22192001342773438,4637,634,0.17541462,-1.7817249e-05,1298432,1091.7392098903656,5193728,76.03027
